Correct Answer,shuffled_correct_option,model_response
R-loops,C,all structures or mechanisms that could be involved in this type of genetic engineering approach.
10^-4 eV,D,"\Delta E = 10 \text{ eV} \] Therefore, the correct answer is: (D) 10^-4 eV"
11,D,"exactly as described, leading to a total of 14 carbon atoms in the final product."
4,A,"3-(2-methylbut-1-en-1-ylidene)cyclohex-1-ene) are definitively expected to exhibit optical activity. Therefore, the correct answer is: (B) 3"
124°,C,lower than the maximum possible wetting angle typically associated with water on a rough surface.
+\infty,B,"the infinite nature of the pseudosphere's surface area. Therefore, the correct choice is: (B) +∞"
8,C,"containing one or more double bonds, which is consistent with the properties of 2-naphthol derivatives."
-0.7,C,of the operator \(10\sigma_z + 5\sigma_x\) is approximately \(-0.7\). The correct answer is (C) -0.7.
The ones related to the circulation of the electric field and the divergence of the magnetic field.  ,A,related to the circulation of the magnetic field and the flux of the electric field.
"A = 5-methylcyclohex-3-ene-1-carbonitrile, B = methyl (1R,2R,4R)-bicyclo[2.2.1]hept-5-ene-2-carboxylate",D,"the correct choice is: (B) A = cyclohexa-2,4-diene-1-carbonitrile, B = methyl (1R,2S,4R)-bicyclo[2.2.1]hept-5-ene-2-carboxylate Final Answer: (B)"
"CHIP-seq, chromosome conformation capture, and qRT-PCR",C,the comprehensive information needed to study the role of the HOXB2 mutation in the disease.
pH 2.69; 30.09 cm3,B,"Therefore, the correct choice would be: (A) pH 2.04; 28.05 cm³ This matches option (A)."
"(\cos(\theta/2), \sin (\theta/2))
",A,"\cos(\theta/2) |x\rangle + \sin(\theta/2) |y\rangle \right) \] Therefore, the correct answer is: (A) (\cos(\theta/2), \sin(\theta/2))"
E = (2n_x+n_y+3/2)ℏ*sqrt(k/m),C,would be: **Final Answer:** (C) \(E = (2 n_x + n_y + \frac{3}{2}) \hbar \sqrt{\frac{k}{m}}\).
A double crossover event,D,"individual recombination frequencies alone, leading to the question posed by Scientist 1 about the discrepancy."
1 and 4,C,"Therefore, the correct choice is: (C) 1 and 4 So the final answer is (C)."
2.6*1e5 GeV,D,"\times 10^5 \text{ eV} \] Thus, the correct answer is: (B) 1.8 * 1e5 GeV"
"G2 is a transcription factor, G1 and G3 show gene redundancy, G1 is epistatic towards G3",B,combined effect of G1 and G3 is greater than simply adding up their individual effects.
0.72 g,C,"during the reaction. Therefore, the mass of carbon needed is: \[ \boxed{0.48 \text{ g}} \]"
"triphenyleno[1,2-c:5,6-c':9,10-c'']trifuran-1,3,6,8,11,13-hexaone",C,it most closely aligns with the description of having C₃H symmetry among the given options.
"It is a concerted reaction, and no rearrangements are possible.",D,"pathway, meaning both groups are added to the same plane, resulting in a single stereoisomer."
"sigma*b*r / 2 (for r smaller than R)  ,  sigma*b*R^2 / (2r)  (for r greater than R)",C,should reflect the dependence on \( r \) and \( t \): \[ \boxed{(C)} \]
3 pc,A,"0.0065 pc, which closest to option (D). So, the final answer is (D) 0.6 pc."
"Water = 144°, Oil = 125°",A,Oil = 136° - Does not match our calculations. The correct answer is therefore (B).
~ 0.4,B,"not include 2. Therefore, the best choice among the given options is (A) ~ 0.6."
an experiment where the homologous sister chromatids were pulled together to the pole of the cell during anaphase.,A,"of each other. Therefore, option (C) accurately represents the experimental proof for the chromosomal theory."
"5'GATGATAATT GGAGGCAAGT GAATCCTGAG CGTGATTTGA
TAATGACCTA ATAATGATGG GTTTTATTTC CAGACTTCAC
TTCTAATGGT GATTATGGGA GAACTGGAGC CTTCAGAGGG
TAAAATTAAG CACAGTGGAA GAATTTCATT CTGTTCTCAG
TTTTCCTGGA TTATGCCTGG CACCATTAAA GAAAATATCA

3'TGGTGTTTCC TATGATGAAT ATAGATACAG AAGCGTCATC
AAAGCATGCC AACTAGAAGA GGTAAGAAAC TATGTGAAAA
CTTTTTGATT ATGCATATGA ACCCTTCACA CTACCCAAAT
TATATATTTG GCTCCATATT CAATCGGTTA GTCTACATAT
ATTTATGTTT CCTCTATGGG TAAGCTACTG TGAATGGATC",A,"sequence matches the expected length and content for rs113993960. Therefore, the correct answer is **(D)**."
One can use a catalyst of a group VIa transition metal in combination with specific activators.,B,options contain incorrect or incomplete information about the feasibility and practicality of the described process.
"3,3-diphenylbutan-2-one",B,fits the structure of the compound containing a double bond between two adjacent carbon atoms.
c,B,"volume needed to achieve the same mass. Therefore, the correct answer is: **Final Answer: (A)**"
SARS-CoV-2 nsp10/nsp14-ExoN operates as heterodimers in a mismatch repair mechanism. The N-terminal ExoN domain of nsp14 could bind to nsp10 making an active exonuclease complex that prevents the breakdown of dsRNA. ,A,both viruses likely have different characteristics due to their distinct genetic sequences and evolutionary history.
You carry out bisulphite sequencing at your locus of interest in your cancer cells and compare the patterns to healthy breast cells,D,that the reduced expression of the tumor suppressor gene is due to impaired DNA methylation.
"4.12 MeV, 29.8 MeV",A,"answer based on the provided information would be: **Final Answer: (A) 4.12 MeV, 29.8 MeV**"
~ 2.4,D,"answer choice would be (C) ~ 1.0. So, the correct answer is (C) ~ 1.0."
"(1S,2S,4R)-4-isopropyl-2-methoxy-1-methylcyclohexyl propionate",B,"plausible structure for product 4 is Option A: (1S,2R,4R)-4-isopropyl-2-methoxy-1-methylcyclohexyl propionate. The final answer is (A)."
At active promoters and enhancers,C,could be disrupted by nonspecific binding due to the use of PFA or DSG fixatives.
"triplet, singlet",A,"reaction, where the C2 proton remains relatively stable and the C3 proton becomes more deshielded."
"1,2,3,4,5,6-hexahydropentalene",D,"Therefore, based on the analysis, the most probable final product is: Final Answer: (A) [1,1'-bi(cyclobutan)]-1-ene"
"Planet_1 is preferred due to its ~1.65 times higher probability to transit.
",B,significant advantage in terms of the fraction of time it spends within the light curve.
3,B,"on their respective star types and evolutionary stages. Therefore, the correct answer is: (C) 4"
3,B,"to have the necessary structure for optical activity. Therefore, the correct answer is (B) 3."
4,A,"increase in electron density around the hydrogen nucleus. Therefore, the correct answer is: (D) 3"
Ultraviolet completion,B,through various seesaw mechanisms without fundamentally altering the underlying framework of the Standard Model itself.
It inhibits the cell surface death receptor pathway of apoptosis,D,"this inhibition, though the exact details of how it works remain subjects of ongoing research."
M_{h_{2}}^{2}=\frac{1}{8\pi^{2}\left(x^{2}+v^{2}\right)}\left\{ \alpha_{1}M_{h_{1}}^{4}+\alpha_{2}M_{W}^{4}+\alpha_{3}M_{Z}^{4}-\alpha_{4}M_{t}^{4}+\alpha_{5}M_{H^{\pm}}^{4}+\alpha_{6}M_{H^{0}}^{4}+\alpha_{7}M_{A^{0}}^{4}-\alpha_{8}\sum M_{N_{i}}^{4}\right\} ,A,"calculation of the mass of the pseudo-Goldstone boson \(H_2\). Therefore, the final answer is: (C)"
6.3x10^-7 M,C,"such calculations, option B seems to be the closest reasonable estimate among the given choices."
~12.6,C,"photospheres of Star_1 and Star_2 is approximately 1. Thus, the correct answer is (D) ~0.8."
Polycomb complexes are involved in mediating long-range contacts between enhancers and promoters,C,which being one of the key mechanisms that allows them to regulate nearby genes effectively.
Star1,D,"to its position relative to the observer's location. Therefore, the correct answer is: (D) Star4"
3-Chloro-4-methoxytoluene,A,"given NMR data, both (A) and (B) appear equally likely candidates for the unknown compound."
"A = methyl 1-(2-((2,4-dimethylphenyl)sulfinyl)ethyl)-2-oxocyclohexane-1-carboxylate, B = ethyl 2-ethyl-2-(1-(2-methoxy-2-oxo-1-phenylethyl)cyclopentyl)butanoate",D,"6. **Final Answer**: Based on the analysis, the correct choice would be: \[ \boxed{(D)} \]"
"1,2,4",C,"nucleons are treated as independent entities, which allowing them to be approximated as free particles."
\frac{q}{4\pi\varepsilon_{0}R}\left(1-\frac{z^{2}}{2R^{2}}\right),C,"This matches option (D). Therefore, the correct answer is: (D) \(\frac{q}{4\pi\varepsilon_0 R} \left(1 - \frac{z^2}{4R^2}\right)\)"
"A = benzoquinone, B = methyl 2-hydroxypropanoate",A,conclusion is somewhat arbitrary and may not fully capture the nuances of the question asked.
1.38,A,(D) 0 The most likely correct answer among these options would be: **Final Answer: (B)**
The kinase activity of kinase X is not required for cell survival. A n-terminally truncated variant of kinase X has alternative functions that are essential for cell survival.,B,(A) provides a comprehensive explanation that integrates the experimental data into a coherent biological model.
weaker - slower,A,correct choice should reflect this distinction between the two extremes. The final answer is (C).
"3,3,4-trimethylchromane and 3-isopropyl-3-methyl-2,3-dihydrobenzofuran",A,"(3-Bromo-2,2-DimethylButoxy)Benzene This matches the expected product structure resulting from the reaction between ((2,2-Dimethylbut-3-en-1-yl)oxy)benzene and HBr."
18,A,a higher sum due to the nature of the reactions and the formation of Z.
3 and 4,D,lead to significant inaccuracies in downstream analyses if not properly accounted for during data processing.
"A = 2,7-dimethyloctahydronaphthalene-4a,8a-diol, B = (((3-methylbut-2-en-1-yl)oxy)methyl)benzene",A,"D, where the reactants are correctly identified based on the products formed from these reactions."
25% carrier and 25% diseased,A,"affected (not a carrier). Thus, the correct answer is: (D) 50% carrier and 50% diseased."
"MEK inhibitor, GSK-3β inhibitor, and leukemia inhibitory factor ",B,mouse embryonic stem cells in a state resembling those of the ICM of the blastocyst.
"A = 2,2-diiodoethen-1-one, B = 3, 1, 2, 4",C,"3. cyclopenta-1,3-diene, 4. 2,3-dimethylbuta-1,3-diene** So, the final answer is: **Option B: (1, 2, 3, 4)**"
"The spectrum remains continuous with an adjusted shape, and the endpoint increases.",B,"increases the endpoint value, indicating a shift towards higher energy states for the E particles."
cytosol to the extracellular space,A,of the newly synthesized proteins from the ribosomes and their subsequent movement outside the cell.
"Transcription of structural genes lacZ, lacY and lacA within the lactose operon and; nucleosome alterations by losing DNA-histone contacts (chromatin remodeling).",A,fails to provide a complete set of gene regulation mechanisms suitable for the purpose described.
"(2S,3R,4S,6S)-2-benzyl-4-hydroxy-6-methyl-3-phenylcyclohexan-1-one",A,"matches all the steps described in the problem. Therefore, the correct answer is Choice D."
CH3NHCOOCH2CH3,A,"NMR and mass spectra is Option (A): CH3NHCOOCH2CH3. Therefore, the correct answer is (A) CH3NHCOOCH2CH3."
1,A,"atoms in the main product CH₃-COOCl is 2. Therefore, the correct answer is (C) 2."
A metal compound from the fifth period and a non-metal compound from the third period.,C,"typical reactions involving carbon and hydrogen, option D aligns most closely with the scenario described."
Mutant 2,D,"in the sequence that may disrupt the gene's function, thereby potentially eliminating the anti-nutritional compound."
Red,B,"absorbed light would likely be closer to violet. Therefore, the correct answer is: (D) Violet"
c2h,A,"about perpendicular planes through the center of symmetry. Therefore, the correct choice is: (B) d2h"
200 mL,A,only 50 mL of O₂ is used is **100 mL**. The correct answer is (C).
~ 334,B,"closest answer among the choices is (A) ~ 446. Therefore, the correct choice is (A)."
20.132 GeV,A,"that were not considered here, please provide more details so I can assist you better."
"-12*hbar/25

",C,"\] Therefore, the expectation value of the spin along the y-axis is: \[ \boxed{(A)} \]"
"4,4",C,"each nucleus), but the closest simplified option reflecting the basic Zeeman effect is (A) 4,6."
A three-body bound state may occur regardless of whether two-body bound states occur.,B,answer: (B) A three-body bound state may occur regardless of whether two-body bound states occur.
8.11 * 10^-7,D,"any excited state under normal conditions. Therefore, the correct answer is: (A) 5.4 * 10**-9"
186.62 nm,C,"the correct answer is approximately 162.29 nm. So, the final answer is (B) 162.29 nm."
"(3aR,4R,7S,7aS)-4,7-dimethyl-3a,4,7,7a-tetrahydro-4,7-epithioisobenzofuran-1,3-dione",A,"the formation of an epoxide ring, which leading to the compound with the given structure."
6.55,B,"calculated as per the options provided, then the correct answer would be: \[ \boxed{B} \]"
E(\rho)=(1-p)\rho+\frac{p}{3}X\rho X+\frac{p}{3}Y\rho Y+\frac{p}{3}Z\rho Z,C,"\frac{p}{4} \rho (X + Y + Z)\] Therefore, the correct answer is: \[ \boxed{(A)} \]"
"(xa -xb,pa +pb), (xb-xc,pb+pc)",A,"state under certain conditions. Therefore, the final answer is: (A) (xa -xb, pa +pb), (xb-xc,pb+pc)"
X is recruited to the enhancer through cooperative binding with Y,A,"to the current situation. Therefore, the best answer based on the provided evidence is (C)."
"A = 3-ethyl-3-phenylpentan-2-one, B = 3-(4-hydroxyphenyl)-3-phenylpentan-2-one, C = 2,2,2-tris(4-methoxyphenyl)-1-phenylethan-1-one",D,"which which matches the characteristics of the given compounds. Therefore, the correct choice is (A)."
"A = 3, 2, 4, and 1, B = 1",C,"= 2 Final Answer: (B) A = 2, 3, 1, and 4, B = 2"
"1,2,4-trimethylcyclohex-1-ene",A,"correct choice is: **C) 3,5,5-trimethylcyclohex-1-ene** This corresponds to the correct answer among the choices provided."
"The eigenfunction of the operator Ay can also be an eigenfunction of A^2, but not of the Z-component, Az.",C,"\pm 2\pi h \), and the real part of that are \( \pm \frac{h}{4\pi} \)."
10^13 ,A,"protein sequences is on the order of \(10^{13}\). Therefore, the correct answer is: (A) \(10^{13}\)"
Cold atomic interstellar medium.,B,lowest energy state consistent with the given parameters while acknowledging the complexity of astrophysical environments.
3,A,"to the highest possible number of 13C-NMR signals. Therefore, the correct answer is (B) 11."
canthaxanthin biosynthesis,A,brassinosteroid biosynthesis is the pathway that is not directly connected with GGPP in higher plants.
4<6<2<1<5<3,B,correct answer is: (A) 4<2<6<3<1<5 This corresponds to option (A). The final answer is (A).
"%age Composition = C 84 % and H 16 %
EI-MS: m/z = 100, 71, 57, 43",C,"C 84% and H 16%, EI-MS: m/z = 100, 71, 57, 43 Final Answer: (C)"
4n^{-2N},D,option suggests a specific exponentiation pattern consistent with the described behavior of the optical stack.
triplet,B,"to have a splitting pattern of a singlet. Thus, the correct answer is: (A) singlet"
"Water = 122°, Oil = 104°",D,"on the contact angles would be: Final answer: B (Water = 104°, Oil = 122°)."
"Due to the spatial constraints inside this type of heterogeneous catalyst, the C8 compound is the preferred product.",A,favor the formation of the desired C8 compound over other possible products or side reactions.
1 quadruplet and 2 identical doublets,A,"2 identical doublets"". Therefore, the correct answer is (A) 1 quadruplet and 2 identical doublets."
"A = (i) LDA, DME (ii) CH3CH2I (iii) H3O+ B = heptan-4-one",C,group. Option (A) has incorrect reagent sequences that do not match the given reaction steps.
"1: 4-((tert-butyldimethylsilyl)oxy)butanoyl chloride + benzene + AlCl3 -> A
2. A + tBu-Cl + AlCl3 -> B
3. B + TBAF -> C
4. C + Tos-Cl -> D
5. D + NaN3 -> 4-azido-1-(3-(tert-butyl)phenyl)butan-1-one
",D,"synthetic pathway accurately from start to finish. Therefore, option D is the correct synthesis route."
0.85,A,"x = 3 \). Therefore, the correct answer is (C) \( a = 1.1 \)."
The compounds they are working with have similar polarities.,C,"would be consistent with the scenario where the compounds are ""on top of each other."""
"Planet_1 because its semi-amplitude signal in RV is 12 times larger.
",D,"the size difference between the planets, which is more pronounced when comparing Planet_1 to Planet_2."
5,D,"in F containing ten hydrogen atoms, consistent with the information provided about the ¹⁴NMR spectrum."
"(1+n*v)/(n+v)

",B,"+ nv}{n - v}\) So, the final answer is: (A) \(\frac{1 + nv}{n - v}\)"
~ 33.4,D,"our calculations should be: (A) ~ 10.4 Therefore, the correct choice is (A) ~ 10.4."
"ln(2) [ℏ^2/2mα]

",B,"is: \[ x_0 = \ln(2) \left[\frac{\hbar^2}{2m\alpha}\right] \] Therefore, the correct choice is: (B) \(\ln(2) \left[\frac{\hbar^2}{2m\alpha}\right]\)"
"ln(2) = [ (T_1 - T_2) / (T1*T2)]
",C,"atoms in star_1. Thus, the final answer is: (D) \( \ln(2) = \frac{T_2}{T_1} \ \)"
3-cyano-6-(dimethylamino)-5-formyl-2-hydroxy-4-methoxybenzoic acid,C,"matches the description of the functional groups. Therefore, the correct answer is: (D) 2-hydroxy-3-cyano-4-methoxy-5-formyl-6-(dimethylamino)benzoic acid"
Differential centrifugation extraction of mitochondria followed by the Glucose Uptake Colorimetric Assay Kit ,B,making it the experiment least likely to provide insights into the drug's effects on mitochondria.
"10E, 15E, 18E
",A,"\(E\). Therefore, the correct answer is: (A) 10E, 15E, 15E This corresponds to option (A)."
6,A,"the specific cis-trans isomer derived from the double bond. Thus, the correct choice is: \boxed{B}"
"A = LDA, B = (2R,6R)-N,2,6-triethylcyclohexan-1-amine",D,"the reaction, the correct answer is: **Final Answer: C. A = TsOH, B = (2R,6S)-N,2,6-triethylcyclohexan-1-amine**"
ethyl 4-aminobenzoate,A,"substitution, and an amine group, which aligning perfectly with the observed IR and NMR spectra."
"cos2θ+isin2θ, cos2θ−isin2θ",D,"/ 2)\) for some angle \(\theta\). Thus, the correct choice is (A): \[ \boxed{\text{(A)}} \]"
6,D,the final product 4 contains exactly one hydrogen atom. The correct answer is (D) 6.
~10^(-16) J,C,closest option based on the derived expression: The final answer is approximately \( \boxed{D} \).
Just accept the results. Tell your supervisor that you cannot increase the conversion and that you should stop the experiments and start writing up.,B,"Therefore, Choice (D) provides a balanced and realistic solution within the constraints of the problem."
aaaaaagcttATGAATCCGCGGCAGGG; aaaggatccGAGACCGCGATTTTCCACAAAGG,B,answer is: None of the provided options appear to be suitable for the given scenario.
n -> p + π-,D,"while respecting isospin conservation. Therefore, the correct answer is: **(C)** p → n + π+"
1 million (10^6).,B,"considering the context of the question. Therefore, the correct answer is: (B) 1 million (10^6)."
229.2 mL,C,"be (A) 187.5 mL, which though it does not match exactly due to rounding differences."
"A = (Z)-1-(but-2-en-2-yloxy)ethen-1-amine, B = (3Z,4E)-3,4-diethylidenecyclobut-1-ene, C = 4-methylenehexanal",B,indeed sigmatropic rearrangements where the terminal π-bond migrates to form new bonds with adjacent carbons.
B1 allele modifies A1 homozygotes,D,the recessive allele This choice aligns with the observed phenotype and the genetic context provided.
Interaction frequency too low to be reliably detectable by FISH,C,"detected despite the high significance found by Hi-C. Therefore, the most plausible answer is (A)."
3,D,"diagrams, the most plausible answer among the choices provided would be: **Final Answer: (A) 2**"
Inefficient proximity ligation,B,directly address the core issue of inaccurate DNA concentration measurement as described in the scenario.
U=- (1/2) *kq^2 R/(d^2 -R^2),A,placement of the charge \( q \) is: **Final Answer: (B)** \[ U = -\left(\frac{1}{2}\right)\frac{kq^2}{R^2}\]
16,B,"least eight different isomers in the final product, considering typical outcomes of such complex reactions."
~4.5,A,making the ratio effectively double or more when comparing the conditions with and without spots.
C11H12O2,D,"(C11H14O2) seems most consistent with the given information. Therefore, the correct answer is (B) C11H14O2."
"5-isopropyl-3,4-dimethylocta-1,7-diene",A,"were such a compound available, it would be the best choice among the given options."
5 MeV.,D,most likely answer based on typical physics problems would be: **Final Answer: (A) 20 MeV.**
"d < b < f < c
",C,"(option d), then the one with the third-highest absolute magnitude (option e), and so on."
"A = 3-bromo-5-isopropylcyclohex-1-ene, B = (E)-1-bromohex-2-ene",C,"second involves hex-1-en-3-ol. Therefore, the correct answer is: **(A) A = 3-bromo-5-isopropylcyclohexan-1-ol, B = 2-bromohexan-3-ol**"
Trans-propenyl acetate,A,"correct multiplicity pattern for the propenyl group (quartet). Therefore, the answer is: (A) Trans-propenyl acetate"
"|3,0,0\rangle\rightarrow|2,1,0\rangle\rightarrow|1,0,0\rangle and \frac{1}{3}",D,"transition path and the associated probability. Therefore, the correct answer is: **D)** |3,0,0\rangle\rightarrow|2,1,0\rangle\rightarrow|1,0,0\rangle and \frac{1}{3}."
"The Cas9 protein may have continuously cut DNA leading to incorporation of donor DNA at different stages of embryo development.

",D,the overall genome remains intact but altered due to the presence of foreign DNA sequences.
3-hydroxy-5-methyl-2-nitrophenyl 4-nitrobenzenesulfonate,D,"(I). Given these considerations, the correct answer should be (C) 2-hydroxy-3-iodo-5-methylphenyl 4-nitrobenzenesulfonate. Final Answer: (C)"
1/r.,D,"described above. Therefore, based on the analysis, the most appropriate choice is: \[ \boxed{B} \]"
"3/4, \lambda^(-6)",D,"Thus, the correct answer is: - (D) 3/4, λ^(-6) This matches option D: 3/4, λ^(-6)."
"251.271 fm
",C,above. The actual answer should be calculated with more precision using the correct mathematical approach.
Superstring Theory,A,"among the given choices, only Superstring Theory avoids the need for regularization at high energies."
12.62,B,"strong base's dominance over the others, which leading to an underestimation of the actual pH."
You should eventually increase the GC temperature to 250 centigrade before cooling down and starting your next analysis.,C,activated carbon would address the observed issues related to peak irregularity and retention time differences.
1/137,A,likely correct choice reflecting the inverse relationship implied by the large separation distance is: \boxed{B}
"A = diphenylphosphoryl azide (DPPA) and B = H3O+, Heat",C,The other options do not match the expected products or conditions for the reaction described.
A and C,A,"C, as they both involve changes in gene function that could lead to phenotypic differences."
from 90 to 110,B,well with the typical molecular weights of iron-containing compounds like iron(III) chloride or iron(II) sulfate.
81 years,C,"Therefore, the correct answer is: (D) The astronaut will die before reaching to the Earth."
"3-bromo-4'-methoxy-1,1'-biphenyl",A,align with the expected transformations and does not contradict the logic of the reactions described.
"1. NaNH2, methyl chloride
2. H2/Pd-calcium carbonate
3. O3/ (CH3)2S
4. Ba(OH)2",D,"questions or need clarification on specific parts of the synthesis, please feel free to ask!"
qq->qq,D,would be: The process that cannot occur at a single SM vertex is (D) qq->qq.
"I, II, IV",C,"best represents the universal truths among the provided choices. Final answer: (C) I, II, IV"
"Carbon 1: no change
Carbon 2: no change
Carbon 3: –CR3
Carbon 4: –CH2R
Carbon 5: –CHR2
Carbon 6: –CHR2
Carbon 7: –CR3",A,**Carbon 3: -CH3** **Carbon 4: -CH2-** **Carbon 5: -CH2-** **Carbon 6: -CH2-** **Carbon 7: -CH3**
p = 1.4*10^(-28) N*s,C,the principles of quantum mechanics where transitions often involve changes in momentum or energy states.
"1, 2.",D,option 2 because it's about a typo rather than a fundamental flaw in the model.
17,B,"atoms in salts A and B is 17. Thus, the correct choice is (B) 17."
"A = (E)-bicyclo[5.3.1]undec-1(11)-en-4-one, B = lithium 3-ethylpent-4-enoate",D,"Option (C). Therefore, the final answer is: **(C)** A = (E)-bicyclo[5.3.1]undec-1(11)-en-4-one, B = 3-ethylpent-4-enoic acid."
1/6,B,getting 0 for P and -1 for Q in the respective measurements is **(D) 1/2**.
"1,2,4",D,"all operators in the SMEFT is Option C: 1,2. Therefore, the correct answer is (C)."
"A = 2-methylhex-1-ene, B = THF, BH3",C,"THF, BH3 This combination appears to have the highest potential for producing the desired 2-methylhexan-1-ol."
0,A,"if the wave functions are correctly normalized. Therefore, the correct answer is: \[ \boxed{C} \]"
DNA methylome analysis and NGS,D,optimal approach to comprehensively assess the effects of both types of stress on the genome.
-0.34 V,C,"Fe³⁺/Fe²⁺ species. Without these details, we cannot provide an accurate choice among the given options."
gamma*B,C,"the magnetic field change divided by two. Thus, the correct answer is: \[ \boxed{D} \]"
"No, there is no difference.",B,the corrected parameters provides a more precise understanding of the new physics within the model.
2.08*1e-6 m,C,"the nature of the question. Therefore, the correct answer is: (A) 2.08 * 1e-3 m"
M^2/R^4,B,the most likely correct choice would be: **Final Answer: (C) \( M / R^2 \)**
"(2R,3S)-2-butyl-3-propyloxirane",C,"Therefore, the only remaining option that fits the expected stereochemistry is: **Final Answer: (D)** (2S,3R)-2-butyl-3-propyloxirane."
5>1>6>7>4>3>2,B,"> 7 > 6 > 4 > 3 > 2 Therefore, the answer is (A)."
PRC2-bound chromatin in cells lacking Ring1B,D,"is typically associated with gene activation or expression, which characteristic of an open chromatin state."
C2v,B,"represent if it were a transition metal compound. Therefore, the correct answer is (A) D4h."
A^{\nu}\left(x\right)=\int\frac{d^{n+1}k}{\left(2\pi\right)^{n+1}}\tilde{A}{T}^{\nu}\left(k\right)e^{-ikx}\delta\left(k^{2}-m^{2}\right),A,"the space-time domain without any extraneous terms. Therefore, the correct answer is: \[ \boxed{C} \]"
"0.19

",B,like Star A would indeed emit light over a smaller volume relative to the Sun.
~0.83,B,we can conclude that the closest reasonable answer among the choices is: \[ \boxed{B} \]
"Periodic FWHM changes in spectral lines
",B,A does not directly relate to detecting a transiting planet based on the given information.
"~2.23
",C,"considering the factors involved in luminosity calculation. So, the final answer is approximately (A) ~2.35."
The mass dimension \left[\kappa\right]_{M}=-1. The theory is not renormalizable.,D,"the mass dimensions across the entire expression, making the theory potentially renormalizable under certain conditions."
4,B,"explicitly mentioned. But based strictly on the information provided, the correct answer remains (B) 9."
(e^X)*Y*(e^{-X}) represents a quantum state.,A,supported conclusion from the options provided is: **Final Answer: (D)** Z and X represent observables.
~0.19,B,"more than one unit apart, considering the inverse relationship implied by the strain amplitude scaling."
"a,c",A,None of the above choices accurately reflect only entangled states based on the provided information.
"v_rel = 0.14c , E= 5.96 mc^2",A,"energy calculation. Therefore, the final answer is (B): (B) v\_rel = 0.14c, E = 5mc^2"
44%,B,"(A) 52%. Therefore, the most likely answer based on the provided choices is: (A) 52%"
5.28,C,"you can provide more context or clarify the question, I'd be happy to help further."
Cyclooctadecanonaene,A,"analysis, the correct answer should be: The final product (Compound C) would be **(C) Cyclotetradecaheptaene**."
33.3,C,of the provided options directly due to rounding errors or simplifications in the problem statement.
4,B,in the formation of a new organic compound containing both functionalities from the starting materials.
"Yes, because it does not satisfy the separability criterion.",D,"the correlations within the state, we cannot definitively conclude whether it is entangled or not."
an analysis of cis-region methylation of genes for eukaryotic initiation factors,A,and D) all have potential to provide valuable insights into the pathway's components and mechanisms.
0.6c,D,"which closest to option (D) \( 0.6c \). Therefore, the correct answer is: (D) 0.6c"
The ribosome terminated the translation early,B,incorrectly due to a typo rather than having a missing or incorrect amino acid sequence.
0.9,B,"significant difference in the masses, possibly reflecting different environments or evolutionary stages of the quasars."
cytoplasmic localization of the red signal,B,whether they maintain their differentiated state or revert back to an undifferentiated state during development.
"Degenerate eigenvalue is \sqrt{2}, degeneracy is 2, and the probabilities are 8/17 and 1/17.
",B,\frac{1}{\sqrt{6}} \cdot \frac{\sqrt{2}}{\sqrt{6}} \right|^2 = \left| \frac{1}{\sqrt{6}} \cdot \frac{\sqrt{2}}{\sqrt{6}} \right|^2 = \left| \frac{1}{\sqrt{6}} \cdot \frac{\sqrt{2}}{\sqrt
"A = 4-methyl-1-phenylpent-3-en-1-ol, B = 2,3,4,6,7,8-hexamethyl-5,9,10,11-tetrahydro-1H-benzo[3,4]azuleno[1,8,7,6-cdef]fluorine",C,A or B might be correct depending on the exact nature of the starting material.
U_{C-NOT}\left|\psi\right\rangle =\alpha\left|0\right\rangle \varotimes\left|1\right\rangle +\left(\beta\left|1\right\rangle -\gamma\left|1\right\rangle \right)\varotimes\left|0\right\rangle,B,(A) \( U_{C-NOT}(|\psi\rangle) = (\alpha |0\rangle + \beta |1\rangle - \gamma |1\rangle) \otimes |1\rangle \)
"pH of the first sample A is very alkaline ( pH =9)

",A,"level of fluorescence or signal, so a higher CT value indicates less target material present."
2.822 x 10^-26,D,approximation in the calculation. The closest choice would be (D) \( 2.822 \times 10^{-26} \).
"2'-fluoro-[1,1'-biphenyl]-2-carbonyl fluoride",A,first signal corresponds to the 9-fluorophenyl group and the second signal represents the 2-fluorophenyl group.
a and b,C,"the planet exceeds the centrifugal force. So, the correct answer is: (D) a and c"
~ 1.33,A,leading to a higher overall brightness variation compared to just considering the larger star alone.
"Star1: RA = 15 deg, Dec = -45 deg",D,confirm the exact impact of the wind on each star before making a final decision.
"V(\vec{r},t) = \dfrac{qc}{4\pi\epsilon_o (d c - \vec{d}. \vec{v})},  \vec{A(\vec{r},t)} = \dfrac{\mu_o qc \vec{v}}{4\pi (d c - \vec{d}. \vec{v})}",C,"q \vec{v}}{4\pi \epsilon_0 d(t)} \] Given the choices, the correct answer is: \[ \boxed{(B)} \]"
0.01 (10^-2).,B,"energies is likely to be close to 1. So, the final answer is (A) 1."
2-(4-methylstyryl)oxirane,C,"the most plausible candidate based on the available information. Therefore, the answer is: (D) 2-Methyl-3-styryloxirane."
315,B,"that leads to 333 when applied to ""ACAGTGACC"". Therefore, the correct answer is: (A) 333"
"1. Zn, ether
2. Cl2/hv
3. Aq. KOH
4. Pyridine + CrO3 + HCl
5. Aq. NaOH",A,"hydroxide, which two reagents that could potentially be involved in the reaction pathway, albeit indirectly."
~ 0.2,B,"times longer than that of planet #1. Thus, the correct answer is: (A) ~ 1.2"
Add IV cyanocobalamin to the therapy,B,the most logical and evidence-based approach to improve the patient's hemoglobin levels and overall prognosis.
The Mott-Gurney equation is valid for a trap-free single-carrier device with no carrier injection barrier and negligible diffusion current.,A,"device with an Ohmic contact and negligible drift current. Therefore, the correct answer is (C)."
4,D,"given choices and the information provided is: **(D) 4** Thus, the correct answer is (D)."
"1-bromo-1,2-dihydronaphthalene",D,"is **(B) 2,3-dibromo-1,2,3,4-tetrahydronaphthalene**. This compound aligns well with the observed spectral characteristics and transformations described."
"name: dimethyl (1R,4S,4aS,4bR,5S,8R,8aS,8bR,10S,11R)-1,4,4a,4b,5,8,8a,8b-octahydro-1,4-ethano-5,8-methanobiphenylene-10,11-dicarboxylate

SMILES: O=C(OC)[C@H]1[C@@H](C=C2)[C@@H]3[C@@H]([C@@H]4[C@H]3[C@@H]5C=C[C@H]4C5)[C@@H]2[C@H]1C(OC)=O",D,"R/S configurations match those expected from the given reactions. Therefore, this is the correct choice."
4.26; 8.52,B,problem and the provided choices. Please verify if I've made an error in my calculations.
"257247878 m/s
",A,answer from the given choices would be: **No matching choice found among the provided options.**
"1H NMR: chemical reference (ppm): 7.2 (2H, t), 6.9 (1H, d), 6.8 (1H, s), 2.2 (6H, s)",D,which which is inconsistent with the expected NMR signals for a di-substituted 6-membered aromatic ring.
B_{x}=\frac{3\mu_{0}}{4\pi}M\frac{xz}{r^{5}};\quad B_{y}=\frac{3\mu_{0}}{4\pi}M\frac{yz}{r^{5}};\quad B_{z}=\frac{3\mu_{0}}{4\pi}M\frac{3z^{2}-r^{2}}{r^{5}},C,\ \bar \ \bar \ \bar \ \bar \ \bar \ \bar \ \bar \
1,D,"those initially present in the carboxylic acid structure. So, the final answer is (A) 0."
Linear partial fraction of fractional approximation,C,"of these roots allows for more efficient parallelization, thereby speeding up the overall computation process."
~ 0.53,A,expected increase in temperature due to the higher absorption rate of Planet1 compared to Planet2.
"A = (S)-3-ethyl-5-isobutoxy-5-oxopentanoic acid , B = (S)-3-ethyl-5-isobutoxy-5-oxopentanoic acid",C,acid** This ensures that both reactions yield the expected products based on their respective reagents.
"i) tert-butyl chloride/AlCl3 ; ii) SO3/H2SO4 ; iii) HNO3/H2SO4 iv) Fe/HCl ; v) NaNO2/HCl ; vi) HNO3/H2SO4 ; vii) H3O+, H2O/Heat ; viii) dilute H2SO4 ix) NaOH/EtBr",A,"correct order of reactions to achieve the desired product. Therefore, the correct answer is (A)."
sqrt(6*R/g) / sqrt((cos(theta) - cos(alpha))),C,"in physics problems, the most plausible answer among the choices would be: **Final Answer: D**"
"$J{n,j+1/2} = \frac{q \mu{n,i+1}}{dx} \bigg(B\big (\frac{ \delta \psi{i+1}}{Vt} \big) n{i+1} - B \big (-\frac{ \delta \psi{i+1}}{Vt} \big) n{i} \bigg)$",A,"that depends on the potential difference across the depletion region. Therefore, the answer is (A)."
chi > eta > lambda > zeta,A,"\text{Eta} \) So, the final answer is: (C) zeta > lambda > eta > chi"
"1H NMR: chemical reference (ppm): 7.8 (2H, d), 7.6 (2H, d), 2.3 (3H, s)",A,"of both a carbonyl group and an aromatic-halogen bond. Therefore, the correct answer is (D)."
Polymerase chain reaction or Southern hybridization,C,"than just one technique. Thus, (C) remains the most fitting response among the given options."
somatic hypermutation,C,to the production of unique antibody repertoires specific to each individual infected with the virus.
triplet of triplets,C,the 1H NMR spectrum of 3 has a coupling pattern of a single peak (singlet).
"81/23 E_o
",B,"the calculations, the correct answer based on the provided information should be: \[ \boxed{\text{B}} \]"
~10^12,A,higher than what we calculated but still aligns with typical astronomical estimates for stellar compositions.
"(2S,3R)-3-ethyl-2-methyl-5-((Z)-5-oxohex-3-en-1-yl)cyclohexan-1-one",C,"(D) (2S,3R)-3-ethyl-2-methyl-4-((E)-5-oxohex-3-en-1-yl)cyclohexan-1-one This has the 6R, 7S configuration. Therefore, the correct answer is: (D) (2S,3R)-3-ethyl-2-methyl-4-((E)-5-oxohex-3-en-1-yl)cyclohexan-1-one"
"3,4-dimethyl-5,6-dioxooctanoic acid",A,but the exact structure and mechanism would depend on the precise conditions of the reaction.
"((R)-((R)-2,2-difluorocyclohexyl)fluoromethyl)benzene",B,"sulfoxide group, and appropriate substituent configurations as described above. Therefore, the correct answer is D."
"2>1>4>3
",B,"4 > 1 > 3** This matches choice (D). So, the final answer is (D)."
11.44 kJ/g,A,"bonding properties. So, the best answer among the given options would be: (A) 11.44 kJ/g"
Ct values are not in agreement with the amount of target nucleic acid in samples ,A,"root cause of the observed inconsistencies in the data. Therefore, the correct answer is (D)."
"Use of cefotaxime and ceftazidime discs instead of erythromycin and chloramphenicol discs

",C,"of inhibition, which making them less relevant to improving the results of the previous experiment."
The way the single salt chelates the potassium ion as to fill all of the coordination sites in such a way that the neutral complex is a self-contained unit.  The addition of acetone to form a ketal would prevent the alcohols from interacting with the potassium ion.,A,"water due to its ability to form a stable, self-contained complex with the potassium ion."
"methyl (2E,8E,10E)-tetradeca-2,8,10-trienoate",B,"desired octahydro naphtho[2,1-b]quinoline carboxylic acid. Therefore, the correct answer is: **D. 1-vinylcyclohex-1-ene and methyl hex-2-ynoate**"
"6-hydroxy-2,2,5,5-tetramethyloctan-4-one",B,of the reaction between methyllithium and copper(I) iodide with the appropriate oxidizing agent (meta-chloroperbenzoic acid).
10^62 J/K,C,"10^{66} \) Joules per Kelvin. Therefore, the correct answer is: (A) \( 10^{66} \) J/K"
Ketone = 50.65 mL ; Primary Amine = 56.08 mL,C,provides a close approximation to the target yield and mass requirements under the specified conditions.
chromatin methylation by histone methyltransferases in the post-zygote,A,syndrome compared to Down's syndrome is (A) chromatin methylation by histone methyltransferases in the post-zygote.
bicyclo[3.2.0]hept-6-ene,C,"match the required structure, the most appropriate answer from the given choices would be: \boxed{D}"
"+ \varepsilon, -\varepsilon
",B,"correct choice would be: (A) +\(\frac{\varepsilon}{2}\), -\(\frac{\varepsilon}{2}\) So, the final answer is: (A) +\(\frac{\varepsilon}{2}\), -\(\frac{\varepsilon}{2}\)"
CH3C(H)(C2H5)C(H)(C2H5)CH2COOH,B,"seems most consistent with the given spectroscopic data. Therefore, the correct answer is: **(A) CH3C(H)(CH3)C(H)(CH3)CH2COOH**"
H gives a yellow color with the addition of ferric chloride solution.,B,"statement is (A) ""D gives two singlets in the 1H NMR spectra."" Final answer: (A)"
"4,4a,7,7a-tetrahydro-1H-cyclopenta[c]pyridine",C,"after the reaction. Therefore, the correct answer is: (C) 4,4a,7,7a-tetrahydro-1H-cyclopenta[c]pyridine This corresponds to choice (C)."
16,D,"derived from the reaction between propionaldehyde and butyraldehyde. Therefore, the correct answer is (B) 2."
99 GeV ,D,"choices, it would be (A) 3132 GeV, but this does not align with our calculations."
"Transcriptional co-activator, glycoprotein, accumulation in cytoplasm, Beta-catenin",B,"signaling pathway: ""proteosomal degradation,"" ""N-terminal extracellular,"" ""frizzled,"" and ""non-canonical."" Therefore, the final answer is (D)."
"1.19 (6H, d), 1.53 (6H, s), 2.33 (1H, sept), 2.72 (6H, s)",D,"NMR spectrum of 2-chloropropan-1-ol, which then undergoing further transformations to form the final product E."
0.67 mL; 0.8298 micromole,B,"needed is approximately **0.9256 μCi/mL**. So, the best-choice would be (A): 0.67 mL; 0.9256 μCi."
"1-(4-(tert-butyl)-2-methylphenyl)-N,N-dimethylmethanamine",C,"product based on the reaction sequence described. Therefore, the correct answer is: **Final Answer: (A)**"
"A = cyclohexanecarbaldehyde, B = TsOH",D,"sufficient conditions for the reaction to proceed efficiently. Therefore, the most appropriate choice is (A)."
3,B,of detectable stars among the given options is 2. The correct answer is: (C) 2
the receptor and the eGFP are not in the frame,C,"of any detectable fluorescence. Therefore, Option D is the correct explanation for the observed result."
A = two ; B = 66.66 %,A,"the yield due to incomplete conversion, fitting logically within the constraints of the problem statement."
i) HNO3/H2SO4 ; ii) Fe/HCl ; iii) CH3COCl/AlCl3 ; iv) Br2/FeBr3 ; v) HNO3/H2SO4 ; vi) NaNO2/HCl ; vii) H3PO2,D,"nitration followed by bromination, leading to the desired product. Therefore, the correct choice is **(A)**."
"The pressure has to increase by 1786 bar.
",C,This is not accurate but represents one of the closest approximations among the choices given.
C2v,B,"through the opposite point and perpendicular to it. Therefore, the correct answer is: (B) C2v"
The 2nd line (Kerr line) is above the 1st line (by a factor of 5 to 10).,C,"more intense radiation at shorter wavelengths, making them brighter relative to the Schwarzschild black holes."
"During naïve pluripotency, DNA methylation is largely restricted to transposable elements, and imprinted loci",A,This option accurately describes the extent of DNA methylation during early mammalian development after implantation.
~ 0.36,D,the most reasonable answer among the choices provided would be: Final Answer: (B) ~ 1.96
X operates upstream of Y.,A,"operates downstream of X. Therefore, the correct answer is: (C) Y operates upstream of X."
U(1)Y,D,"by a discrete group with the greatest possible precision. Therefore, the correct answer is: \boxed{D}"
Synthesize the mRNA by IVT using a linearized plasmid DNA template carrying the genetic insert of interest. Purify the mRNA with two chromatography steps: an affinity capture step with an oligo dT resin and then polishing with hydrophobic interaction chromatography.,C,the mRNA with tangential flow filtration coupled with size-separation chromatography to isolate your mRNA molecule.**
"It is a nucleophilic Substitution between 1-bromo-3,3-dimethylbutane and but-1-yne to form 7,7-dimethyloct-3-yne",A,"answer is: **(A) It is a nucleophilic Substitution between 1-bromo-3,3-dimethylbutane and but-1-yne to form 7,7-dimethyloct-3-yne.**"
~0.32,A,"variation. Therefore, the most plausible answer is B: ~0.39. So, the correct choice is (B)."
"A = TsOH, B = 3-(2-oxocyclohexyl)propanal",A,"the most probable choice would be: **Final Answer**: (A) A = TsOH, B = 3-(2-Oxocyclohexyl)propanal"
90954 m,A,"flux over a long period, aligning with typical scenarios involving particle beams passing through materials."
Combine in silico predictions with preliminary in vitro binding affinity assays to validate the most promising forms of Xantheraquin before extensive docking studies.,C,the process and increases the likelihood of identifying an effective compound from the initial screening.
9.54 Angstrom,C,"\[ d = \frac{10}{\sqrt{3}} \approx 6.67 \text{ Ångström} \] Therefore, the correct choice is: \boxed{B}"
An increased expression of the Tic56-encoding gene,D,"not well-documented. Therefore, it's less likely to be a direct consequence of living without photosynthesis."
7,B,appropriate choice reflecting the structural integrity and bonding changes implied by the reaction is: \boxed{B}
Endothelial dysfunction > Oxidative Stress,A,"to increased inflammation, reduced vasodilatory capacity, and ultimately contributes to the development of atherosclerotic plaques."
Star4,B,"would be Star2, assuming its mass is comparable to the Sun. Final Answer: (A) Star2"
Skyrmion,C,not associated with a spontaneously broken symmetry in the same way these other particles are.
"A two-star system with individual absolute magnitudes of Vmag_1 = 7 and Vmag_2 = 7 mag, both at distances of 10 parsecs.",D,"of Vmag_1 = 7 and Vmag_2 = 8 mag, both at distances of 10 parsecs."
"a position of gravity sensors influences the trafficking of small molecules, and that leads to growth direction change",D,statoliths for sensing gravity. Option D correctly explains the role of statoliths in this process.
\left\langle H\right\rangle \ll\Delta E,D,"Based on the above analysis, the correct choice is: (A) \(\left\langle H\right\rangle \gg \Delta E\)"
1S0 -> 3P0 + s,C,"\(T(NN) = S(NN) + L(NN) + 1 \mod 2\). Therefore, the correct answer is (D)."
Star3 and Star5,D,"or if there was a typo, please provide more details so I can assist accurately."
(\tau ^2\Omega^2)/4,C,the most plausible answer from the given choices is: The correct answer is (A) (\(\tau\Omega\))/4.
1.3,B,"closest match is: \[ \frac{T_1}{T_2} = 1.3 \] Thus, the correct choice is: (B) 1.3"
"A = ethyl 3-(3-ethyl-1,3-dimethyl-2-oxocyclohexyl)propanoate, B = 3-methyl-4-nitrohexanenitrile",C,"= 2,3-dimethyl-4-nitrobutanenitrile So, the final answer is: (A) A = ethyl 3-(3-ethyl-3,5-dimethyl-4-oxocyclohexyl)propanoate, B = 2,3-dimethyl-4-nitrobutanenitrile"
"0.64, 0.36 and hbar / 7",A,"answer is: **C) 0.28, 0.72 and \( h\sqrt{\frac{1}{2}} \)** So, the final answer is **(C)**."
C6H10O2,A,"bonds and shows fragmentation at m/z = 45. So, the correct answer is (A) C6H10O2."
3520 days,A,"Since a ""triple transit"" occurs every 320 days, the correct answer is: (A) 3520 days"
"1 million light years, or 1 billion light years.",D,"option is (C). The correct answer is: (C) 10 light minutes, or 100 light seconds."
0,A,"zero. Thus, the correct answer is: (A) 0 So, the final answer is (A) 0."
"Although the scientist detected the two genes, he has to redo the experiment and redesign suitable primers

",D,"in the primer design. Therefore, option A is the only incorrect statement among the choices."
Differential access to the transcriptional machinery,B,"higher mutation susceptibility, which which is unrelated to compartmentalization and its effects on gene expression."
"B, J, O, U, X, Z original missing letters
B, Z in the older texts
D, E, N, Q Missing from the older texts",A,"the letters might have been mistakenly identified or misspelled. Therefore, the final answer is (A)."
"A_{0}=\sqrt{p}\left[\begin{array}{cc}
-1 & 0\\
0 & -1
\end{array}\right] and A_{1}=\sqrt{1-p}\left[\begin{array}{cc}
0 & -1\\
1 & 0
\end{array}\right]",A,"a quantum bit flip with probability \(p\). Thus, the correct answer is: \[ \boxed{(A)} \]"
In silico testing of drug interaction with the PDB formats of proteins.,D,answer is: (D) In silico testing of drug interaction with the PDB formats of proteins.
the probability that the electron is in spin down state will be nearly zero,D,"the spin-down state will remain approximately half. Thus, the correct answer is: \( \boxed{A} \)"
"A = NaHSO3, B = HCl",D,"reagents for the second reaction are: **Final Answer:** (D) A = NaHSO₃, B = HCl"
138,B,"180 degrees, making (A) the closest logical choice despite its deviation from the expected outcome."
"5, 2, 1, 3 and 4",C,"5, 1, 4 and 3** This matches choice (C): 5, 2, 1, 3 and 4."
0.214 M,A,which might not always be true in real-world scenarios but it simplifies our calculations here.
"(1S,4R,5S,6S)-4,5,6-trimethylcyclohex-2-enol",A,"from the given reactions. Therefore, based on the analysis, the correct answer is: **(C) (1S,4R,5S,6R)-4,5,6-Trimethylcyclohex-2-enol**"
forward around 8200 bp and reverse around16100 bp on the genomic DNA,D,"placing too much distance between the forward and reverse primers, thus optimizing the PCR reaction."
"Lethal, URA3, LEU2, 5'-FOA",B,"and the experimental setup, the correct answer is: **Final Answer: D) Neutral, URA3, 5'-FOA, LEU2**"
1 and 2,A,"plausible candidates for exhibiting optical isomerism. Therefore, the correct answer is: (A) 1 and 4"
The binding energy of the deuteron,A,that does not directly support the composite structure of hadrons through its own observable effects.
"2-bromo-4,4-dimethylcyclopentanone",A,attached to the same carbon as the original carbonyl carbon. This corresponds to option A.
"3a,4,5a-trimethyl-1,2,3,3a,5a,6,7,8-octahydrocyclopenta[c]pentalene",D,"transformations described in the problem statement. Therefore, the correct answer is: (B) \( 3a,5,5\text{-trimethyl-1,2,3,3a,5,6,7,8-\text{octahydro}\text{cyclopenta}[1,4]\text{cyclobuta}[1,2]\text{benzene} \)"
1/4,C,"is achieved when all spins are aligned. So, the correct answer is: \[ \boxed{B} \]"
(3-isopropylcyclohexyl)methanol,C,"(D) fits best as it describes a 3-[(benzyloxy)methyl]-1-butyl-5-isopropylcyclohexan-1-ol. Thus, the correct answer is: (D) 3-((benzyloxy)methyl)-1-butyl-5-isopropylcyclohexan-1-ol"
~ 1/plx^4,A,"unit range of parallax decreases rapidly with increasing parallax, following an inverse fourth power relationship."
\alpha\times\left(\frac{1}{1+\alpha}\right),B,"\[ \beta = \sqrt{1 - \frac{E'}{h\nu/c}} \] Therefore, the correct answer is: \[ \boxed{D} \]"
"(1R,2R,4R,5R)-1,2,4,5-tetramethylcyclohexan-1-ol ",A,"2 S groups. Therefore, the correct answer is C: (1R,4R,5R)-2,2,4,5-tetramethylcyclohexan-1-ol. This corresponds to choice (C)."
The use of a tigecycline disc instead of a cefoxitin disk for the first phase of the experiment will not lead to a change in its result.,C,not seem to be incorrect based on the information provided is (D). Final answer: (D)
El1 II (singly ionized),A,does not provide the sensitivity needed for accurate surface gravity determination under the given conditions.
"3.719 Bq
",A,the total activity of the $\alpha$ decay after 10 minutes aligns best with option D.
"A = N-(4-hydroxyphenyl)propionamide, B = N-(4-hydroxyphenyl)propionamide",A,"= 4-aminophenyl propionate Therefore, the answer is: (A) A = N-(4-hydroxyphenyl)propionamide, B = 4-aminophenyl propionate"
"It is an eigenstate of H, with eigenvalue 3/4*A*hbar^2",D,"\(E_0 = -\frac{hbar^2}{2m}\)), it does not have any non-zero expectation value under the Hamiltonian \(H\)."
8,A,accounts for the typical number of distinct protons found in organic compounds undergoing such transformations.
~0.73c,B,"0.01 + 0.09} = \sqrt{0.74} \approx 0.86 \] Therefore, the correct answer is (C) ~0.86c."
"Maleic anhydride reacts with 2,3-dimethylbuta-1,3-diene and removal of a product causes the equilibrium to shift towards products.",C,explanation for why the reaction shifts more to the right when maleic anhydride is added.
"Primer design and their concentrations need to be optimized

",D,this issue and allow successful detection of the plasmid-mediated quinolone resistance genes in the sample.
"doublet, doublet",C,"least two distinct proton environments contributing to the NMR signal, resulting in a doublet pattern."
Sensing of neighboring cells using short sugar molecules to coordinate the density of cells during the multicellular organism development,C,concept of signal transduction rather than the broader regulatory aspects implied by the question's context.
zero,A,between regions II and III when the particle's energy is less than the potential barrier.
E= (3/2)\hbar \omega,A,"= (3/2) \hbar \omega Therefore, the final answer is: (A) E = (3/2) \hbar \omega"
AKT1/2/3 (assume full redundancy of isoform function) and mTORC1,A,"Therefore, the correct answer is: **(B) PIK3CA/B/C/D (assume full redundancy of isoform function) and mTORC2**"
They can circularize i.e form a continuous closed loop  through formation of a hydrogen bond between the 5 prime and 3 prime ends.,D,"phenomena that are consistent with the behavior of certain types of RNAs, including microRNAs (miRNAs)."
3 060 000 km.,A,"\[ d = 3,000,000 \text{ km} \] Therefore, the correct answer is: (D) 3,000,000 km."
"A = ethyl(methylene)oxonium, B = 1-phenylthiiran-1-ium",B,"substitution with CH₃OH. Therefore, the final answer is: **(B)** A = ethyl(methylene)oxonium, B = 1-phenylthiiran-1-ium"
"φ_in = (4r/3ε0)cos(θ) , φ_out = (4R^3/3ε0 r^2)cos(θ)

",D,"= \frac{4R^3}{3\pi\epsilon_0} \cos(\theta) + \frac{4r^3}{3\pi\epsilon_0} \cos(\theta) \] Thus, the correct answer is: \[ \boxed{(C)} \]"
54,D,"more advanced methods like numerical simulations, we can determine that the correct choice is: \boxed{B}"
"(9/2) \hbar \omega , 10",D,"third excited state involves higher-order terms beyond just the spherical harmonics, indicating more complex behavior."
"Two new LCMS peaks appear during the course of the reaction, both of which have the same mass spectrum.",B,proposed mechanism as it directly indicates the elimination of the azide group from the molecule.
5 Peaks in chiral HPLC and 4 peaks in normal-phase HPLC,A,four distinct peaks in the normal-phase HPLC column due to the absence of enantiomer separation.
4 micrometers and 921.0 nanometers,D,best answer among the given choices is likely: **Option (A)**: 4 μm and 460.5 nm.
"4-ethyl-3-methyldeca-1,5-diene",A,"not fit the expected structure after heating 5-butylnona-2,6-diene. Therefore, the correct answer is: (C) **5-ethyl-4-methyldeca-2,6-diene**"
ATGGAGGAGCCGCAGTCAGATCCTAGCGTCGAGCCGCCTCTGAGTCAGGAAACATTTTCAGACCTATGGAAACTACTTCCTGAAAACAACGTTCTGTCCCCGTTGCCGTCCCAAGCAATGGATGATTTGATGCTGTCCCCGGACGATATTGAACAATGGTTCACTGAAGACCCAGGTCCAGATGAAGCTCCCCGCATGCCAGAGGCTGCTCCCCCCGTGGCCCCTGCACCAGCAGCTCCTACACCGGCGGCCCCTGCACCAGCCCCCTCCTGGCCCCTGTCATCTTCTGTCCCTTCCCAGAAAACCTACCAGGGCAGCTACGGTTTCCGTCTGGGCTTCTTGCATTCTGGGACAGCCAAGTCTGTGACTTGCACGTACTCCCCTGCCCTCAACAAGATGTTTTGCCAACTGGCCAAGACCTGCCCTGTGCAGCTGTGGGTTGATTCCACACCCCCGCCCGGCACCCGCGTCCGCGCCATGGCCATCTACAAGCAGTCACAGCACATGACGGAGGTTGTGAGGCGCTGCCCCCACCATGAGCGCTGCTCAGATAGCGATGGTCTGGCCCCTCCTCAGCATCTTATCCGCGTGGAAGGAAATTTGCGTGTGGAGTATTTGGATGACAGAAACACTTTTCGACATAGTGTGGTGGTGCCCTATGAGCCGCCTGAGGTTGGCTCTGACTGTACCACCATCCACTACAACTACATGTGTAACAGTTCCTGCATGGGCGGCATGAACCGGAGGCCCATCCTCACCATCATCACACTGGAAGACTCCAGTGGTAATCTACTGGGACGGAACAGCTTTGAGGTGCGTGTTTGTGCCTGTCCTGGGCGCGACCGGCGCACAGAGGAAGAGAATCTCCGCAAGAAAGGGGAGCCTCACCACGAGCTGCCGCCAGGGAGCACTAAGCGAGCACTGCCCAACAACACCAGCTCCTCTCCCCAGCCAAAGAAGAAACCACTGGATGGAGAATATTTCACCCTTCAGATCCGTGGGCGTGAGCGCTTCGAGATGTTCCGAGAGCTGAATGAGGCCTTGGAACTCAAGGATGCCCAGGCTGGGAAGGAGCCAGGGGGGAGCAGGGCTCACTCCAGCCACCTGAAGTCCAAAAAGGGTCAGTCTACCTCCCGCCATAAAAAACTCATGTTCAAGACAGAAGGGCCTGACTCAGACTGA,C,vector that contains the correct genetic information before attempting to express and purify the protein.
In the region where the coronal line [NeV] emission is detected.,B,a blue-shifted broad component.** This choice best matches the described characteristics of the observed phenomena.
"3,4-dimethylcyclohexan-1-one",C,"the ability to eliminate via an appropriate mechanism. Therefore, the correct answer is **(D) 2,2,3,4-Tetramethylcyclobutan-1-one**."
"1.9

",A,"wavelength longer than the emission wavelength, allowing it to be detected with optical ground-based telescopes."
"a < d < b < e
",B,"choice (B). Therefore, the final answer is: B) a < d < b < e"
A 1H doublet at ~1.5 ppm and a 2H singlet at ~3.5 ppm,C,carbon and the other carbon atom in the major product based on the provided information.
"(0,2*p1)",A,"the properties of the Bell basis measurement. Thus, the final answer is (C) (0, 0)."
Regioisomers,D,RNA oligo will match the natural RNA oligo in terms of base composition and sequence.
"A step-wise mechanism is involved, leading to a stable carbocation intermediate.",D,concerted mechanism favoring a mixed product due to the symmetry-breaking nature of the transition state.
"$E = \dfrac{1}{4 \pi \epsilon_o} \dfrac{q}{L^2}$
",A,"\epsilon_0} \frac{q}{(l + s \cos \theta)^2} \] Therefore, the correct answer is: \[ \boxed{(D)} \]"
"1,2,4,5-tetramethylbenzene and 1,2,3,4-tetramethylbenzene",D,"of the NMR spectrum as described. Therefore, the final answer is: (A) 1,2,4,5-tetramethylbenzene and 1,2,3,5-tetramethylbenzene"
6.24x10^-7 M,C,option (A) 3.97x10^-7 M. Please verify your calculations with the correct values to ensure accuracy.
"A = 4-amino-1,3-diphenylbutan-1-one, B = Transformation",A,"amino alcohol. Therefore, the correct answer is: **Option (B)**: A = 4-amino-1,3-diphenylbutan-1-ol, B = Reduction."
Near the centromere or the telomere,D,Near the centromere seems the most plausible location for the gene following such an alteration.
"A = 3-methylbut-1-ene, B = 2,5-dihydrofuran",B,"in forming a 3-methyl group within the benzene ring, which aligning with the given reactions."
"Species 3 -> Species 4 -> Species 1; Species 3 -> Species 2
",A,"1 -> Species 3; Species 4 -> Species 2 Thus, the correct answer is (B)."
"Tower of linearly-spaced masses, proportional to 1/R",A,"is: (C) Tower of quadratically-spaced masses, proportional to \(1/R\) So, the final answer is (C)."
"~620

",A,"provided, the closest answer would be: (A) ~620 So, the correct choice is (A) ~620."
-2.72 kcal,D,"The closest value to our calculated result is (A). Therefore, the correct answer is (A)."
"X\rightarrow c\bar{c},s\bar{s},u\bar{u},d\bar{d},\tau^{+}\tau^{-},\mu^{+}\mu^{-},e^{+}e^{-}",B,"all relevant fermion pairs and their antiparticles. Thus, the final answer is: \[ \boxed{(B)} \]"
4 π,D,sphere is zero because the divergence of the field is zero everywhere inside the sphere.
3536,D,would be: (A) 5300 This suggests that the correct answer might be (A) 5300 revolutions.
The increased pH of the solution,A,"increasing the temperature accelerates the reaction, but decreasing the \(H^+\) concentration slows it down further."
3-methyl-3-pentenal,D,"with the given data would be Option (A) 3-methyl-3-penten-2-ol. Therefore, the correct answer is (A)."
The galaxy at ~ 700 Mpc,D,"However, this is speculative without knowing the exact research needs or preferences of the astronomer."
"In animals, the introns in the primary messenger RNA for canonical histones are removed within the nucleus
",B,D) are all accurate descriptions of post-transcriptional processes related to histone mRNA processing or splicing.
"2,6-dimethylheptane-3,5-dione
",C,"the molecular formula C9H16O2. Therefore, based on these analyses, the correct answer is: (C) 2,6-Dimethylheptane-3,5-dione"
1 and 4,A,"the reaction would be **1** (ethene) and **4** (ethylene), making choice A the correct answer."
6,A,"signals corresponding to these different types of hydrogen atoms. Thus, the correct answer is: \boxed{A}"
"A = 4-isopropylcyclohexan-1-one, B = 5-methylhexan-2-one",B,"with the described reactions. The final answer is: (C) A = 4-isopropyl-2-methoxycyclohexan-1-ol, B = 5-methylhexane-2,3-diol"
"The meropenem resistance gene was on the plasmid.

",A,"inhibition. Therefore, the correct answer is: **(A)** The meropenem resistance gene was on the plasmid."
- (15/16)E,D,"the area under the curve, leading to the final result of approximately -63/64 * E."
35,A,"the approximate mass of Helium (approximately 4u), though note that actual atomic masses vary slightly."
3,B,"conclude that there are exactly two distinct products. Therefore, the correct answer is (C) 2."
coth(J/T),B,the correlation length and the nearest neighbor interaction strength \(J\) at the critical temperature \(T_c\).
"r=(0,0,0)",C,"point (1, 1, 0) on the Bloch sphere. Therefore, the correct answer is: (A) r=(1,1,0)"
"A = 1-(hydroxydi-p-tolylmethyl)cyclopentan-1-ol, B = methyl 3-oxo-2-(p-tolyl)butanoate",A,"of cyclohexane. Therefore, the correct answer is: (C) A = 1-(hydroxydi-p-tolylmethyl)cyclohexan-1-ol, B = methyl 3-oxo-2-(p-tolyl)butanoate"
Epistatic interactions between the genes of different species,A,chromosomal incompatibilities caused by differences in chromosome numbers or other factors related to reproductive biology.
2\gamma^2 - 0.5,C,"= \sqrt{2 \gamma^2 - 1} \] So, the correct answer is: (B) \(\sqrt{2\gamma^2 - 1}\)"
~8.7 Earth masses,B,"of 11 Earth masses, making the most likely choice: Final Answer: (C) ~10.5 Earth masses"
4-Methyl-4-Hexenal,A,"on the provided spectroscopic data, the most likely identification of your product is **(A) 4-Methyl-4-Hexenal**."
limiting net photosynthetic rates in photosystem III and limiting gas exchange ,A,in halophytes but is not necessarily unique or exclusive to them among the given choices.
Vacuum-assisted core needle biopsy with advanced immunohistochemistry and fluorescence in situ hybridization (FISH) analysis ,C,"Therefore, option A represents the most comprehensive and targeted approach to accurately diagnose this case."
4.0655 * 10^-15 m,A,1.2}{8}}} = \frac{2\pi}{\sqrt{\frac{2\pi \cdot 1.2}{8}}} = \frac{2\pi}{\sqrt{\frac{2\pi \cdot 1.2}{8}}} = \frac{2\pi}{\sqrt{\frac{2\pi \cdot 1.2}{8}}} = \
16,B,"number of stereoisomers for the compound is 4. Therefore, the correct answer is (C) 4."
2,B,hydrogen atoms and thus the highest degree of instability. The correct answer is (A) 1.
"(3aR,4R,7S,7aS,8r)-8-fluoro-3a,4,7,7a-tetrahydro-4,7-methanoisobenzofuran-1,3-dione",C,"and considering the nature of the Diels-Alder reaction, the most plausible answer would be: \boxed{(A)}"
tumor antigens are transported through the Golgi,B,D correctly identifies one of the critical roles of regulatory T cells in this context.
"Wavelength at which the event is observed
",C,duration of the microlensing event. - Option D mentions the mass of the lensed object.
0.77c,A,"approach would involve relativistic kinematics, which but that goes beyond the scope of the question."
110-130,B,the stability and typical properties of compounds involving fluorine and Y is: **Final Answer: B)**
"A = N-ethyl-N,2,2-trimethylbutan-1-amine, B = ethyl 1-isopropylpyrrolidine-3-carboxylate",A,"**ethyl 1-isopropylpyrrolidine-3-carboxylate**. Therefore, the correct answer is: (A) A = N-ethyl-N,2,2-trimethylbutan-1-amine, B = ethyl 1-isopropylpyrrolidine-3-carboxylate"
The crude compound exists as a mixture of diastereoisomers,D,"coupling. Therefore, option B is the most logical and supported explanation given the details provided."
Star1,D,"among the given choices, Star2 would appear redder than the Sun. Final Answer: (A) Star2"
"2,4-bis(4-hydroxyphenyl)but-2-enal",A,"NMR data and the reactions described is: **(A) 2,4-bis(4-hydroxyphenyl)but-2-enal** Therefore, the correct answer is (A)."
"1/3
",A,quantum mechanics interpretations where probabilities often simplify to fractions or whole numbers under certain conditions.
pre-replication complex,B,"entire chromatin structure, the closest reasonable answer based on the given information would be **(A)**."
pi/4,C,"interference and maximizing the amplitude of the transition. Therefore, the correct answer is: (D) pi"
~ r^3,A,"(D) ~ \( r^5 \). So, the final answer is: (D) ~ \( r^5 \)"
Z= 2 e^(3J\beta)+6e^(-J\beta),D,"2e^{2J\beta} + 6e^{-2J\beta} \] So, the final answer is: (A) Z = 2e^(2Jβ) + 6e^(-2Jβ)"
3-ethoxy-3-methyltetrahydrofuran,B,"ethanol and an acid catalyst. Therefore, the final product C is most likely **(D) 3-(ethoxymethyl)tetrahydrofuran**."
Hydrophilic molecule – Receptor in the cell membrane – G-protein – Adenylate cyclase – cAMP – Protein kinase – Transcription factor – Gene expression activation,A,of how a single molecule can be converted into multiple effects within a cellular response.
"Measuring the change in frequency of the absorption line (due to expansion of the universe) of cold damped Lyman alpha systems at redshift <2.

",C,method that is NOT potentially relevant for constraining the equation of state of dark energy.
"A = trimethyl 2-(p-tolyl)propane-1,1,3-tricarboxylate, B = 3-(2-oxocyclohexyl)butanenitrile, C = cyclohexane-1,3-dione",C,"Therefore, options D correctly identify the reactants and products for these specific Michael addition reactions."
35,B,10^{-38} \cdot N_{\text{nucleons}}} \] \[ N_{\text{interact}} = \frac{1.08 \times 10^{27}}{0.7 \times 10^{-38} \cdot N_{\text{nucleons}} \]
"1, 1, 0.97",A,"Fitness of the P2 heterozygote: 0.9999 Therefore, the correct answer is: (A) 1, 1, 0.97"
4-chlorobenzoic acid,B,"based on the provided spectral data, the most reasonable identification would be **(A) Phenyl Chloroformate**."
"\hbar/\sqrt{2}
",B,"Planck's constant. So, the most likely correct answer among the given choices is (B) \(\hbar/\sqrt{2}\)."
"A = 5, 2, 1, 3 and 4, B = 1",D,"final answer is: (D) A = 5, 2, 1, 3 and 4, B = 1."
200-220,D,"the nature of the problem, the closest logical choice would be: **Final Answer: (A)** 130-150"
study an organism with diminished transcriptional activity or an amplified number of pre-mRNAs of a target gene,D,methods that might not provide direct insight into the gene's role without additional experimental manipulation.
2 peaks in standard HPLC and 3 peaks in chiral HPLC,C,the chromatogram. The correct answer is: (A) 2 peaks in both standard and chiral HPLC
First you identify the virus by performing cDNA sequencing.  You then develop a real time PCR kit for quick and accurate diagnosis.,C,infection. You then develop an ELISA kit targeting IgG antibodies for quick and accurate diagnosis.
~ 33.5,C,"of the transit impact parameter. Therefore, the most likely correct answer is (D) ~ 12.5."
$v_{max}=c\sqrt{1-\frac{1}{(1+\frac{kA^2}{2mc^2})^2}}$,D,final boxed answer remains consistent with the classical derivation: \[ v_{max} = c \sqrt{\frac{kA^2}{2mc^2}} \]
1-(sec-butyl)-4-methylbenzene,C,"NMR data. Therefore, the most probable final product of the reaction is **(A) 2-(4-ethylphenyl)propanoic acid**."
protein aggregation and loss-of-function phenotype,A,reflects the disruption of essential protein-protein interactions necessary for proper functioning of the transcription factor.
8 Gpc,D,"the quasar from the Earth, based on the given cosmological parameters, is: (A) 7 Gpc"
0.506 \lambda / a,A,"choices provided, the closest match would be: \[ \Delta \theta \approx \frac{\pi}{N} \] But since"
16.9%,D,"the actual calculated value. Thus, the best choice among the given options is: (C) 25.6%"
250,D,and practical interpretation of the given data within the context of the multiple-choice options provided.
λ2 < λ1,A,smaller distance before colliding with another particle or reaching the end of the sample compartment.
(π/V_f +2/c)r,B,"the simplified calculation without the return trip. Therefore, the final answer is: (B) (π/V_f +2/c)r"
from 260 to 280,A,"is closer to option (A), the final answer is: **Option (A)**: from 260 to 280"
\frac{V}{2 \pi^2 \hbar^3} \frac{p_0^2 + (E-\Delta)/b}{\sqrt{b(E-\Delta)}},D,\frac{[p_0 - \sqrt{(E - \Delta)/b}]^2}{\sqrt{E - \Delta}} \] This matches option (A): \[ \boxed{A} \]
Triplet at 6.9 ppm ,B,"aromatic ring, which being the simplest and most common situation for an unreacted aromatic compound."
This would be difficult. pUC18 is a high copy number plasmid and would be hard to remove.,B,"C, or D which involve more complex manipulations or assumptions about compatibility between the plasmids."
"The compounds allow the excited state of the zinc sillicate to nonradiatively transfer its energy to the organic compound, returning them to the ground state nonradiatively. The organic compound then itself returns to the ground state nonradiatively, so no light is emitted, resulting in a dark spot.",A,"the organic molecules from exhibiting persistent luminescence, resulting in a dark spot. Final Answer: (C)"
6.89,C,"in the question, please provide additional information so I can give a more accurate response."
1-(2-hydroxy-2-methylcyclopentyl)ethanone,D,"expected outcomes of the various steps described above. Therefore, the correct answer is: (B) 1-(2-hydroxycyclohexyl)ethanone"
"~ 17 km/s
",B,"\approx 28 \text{ km/s} \] Therefore, the correct answer is approximately **(D) ~ 36 km/s**."
"s-trans, s-cis",B,"that the lowest-energy transition involves the p-orbitals being parallel, leading to the shortest wavelength absorption."
25,A,"by the reactions described, especially considering the volatility of №12 and its interaction with №10."
2,C,neutrino would be considered an additional component beyond those already included in the Standard Model.
Y lies inside the Bloch sphere.,D,"that every component is nonzero. Thus, the best choice among the given options is A."
"5/2 *(ℏ/b)^2

",B,A seems the most plausible fit considering the complexity involved in solving the integral directly.
"2840 MHz

",B,"converting it to frequency, the closest match to the given options is indeed 4260 MHz."
The factorisation between G and |M^2| is a good but not great approximation.,D,but there are inherent uncertainties due to the complexity of both hadronic and lepton physics.
14 Pa,A,information and assumptions. A more precise calculation with accurate values could yield a different result.
~ 71.1 days,C,"signal through spectroscopic observations. Therefore, the most likely corresponding signal to the planet is **(B)**."
Two peaks changing to a single peak ,C,"the signal in the 31P NMR spectrum, rather than the two phosphorus centers present initially."
"Water = 128°, Oil = 48°, low tilt angle",A,"reflects that despite the roughness, the fundamental wetting behavior remains consistent with the original measurements."
11.54 e a0 E0,A,"\cdot \frac{h f}{e} \] - Given the options, the correct answer is: \[ \boxed{B} \]"
Weak Nuclear,B,"the gravitational force cannot be described by a purely gauge theory, to a healthy approximation."
