answer,model_response
204,"to minutes: $(\frac{27}{5}) \times 60 = \frac{27 \times 60}{5} = \frac{1620}{5} = 324$ minutes. Therefore, the number of minutes the walk takes her, including the $t$ minutes spent in the coffee shop, is $\boxed{324}$ minutes."
113,to the points of tangency of the excircle. Let $o_A$ be the distance from $A$ to the excircle opposite $A$. Consider the distances from $A$ to the points of tangency of the incircle. Let $p_a$
371,"$n$ are relatively prime positive integers. $m = 3$, $n = 8$. gcd(3, 8) = 1. So, m and n are relatively prime. Calculating $m+n = 3 + 8 = 11$. The answer is $\boxed{11}$"
385,- \frac{1}{4} ||$. Consider the transformations $x \to 2 \pi x$ and $y \to 3 \pi y$. $f(2 \pi x) = || 2 \pi x - \frac{1}{2} ||$. $f(3 \pi y) = || 3 \
110,= 484$. $22^4 + 1 = 22^2 = 484$. $22^4 + 1 = 22^2 = 484$. $22^4 + 1 = 22^2 = 484$. $22^4 + 1 = 22^2 = 484$. $22^4 + 1 = 2
104,\vec{b} = \frac{\|\vec{a}\| \|\vec{b}\| \cos(\theta_{ab})}{\|\vec{a}\|^2 - \|\vec{b}\|^2 / \|\vec{a}\|^2 \|\vec{b}\|^2}$ $\vec{a} \cdot \vec{b} = \frac{\|\vec{a}\| \|\vec{b}\| \cos(\theta_{ab})}{\|\vec{a}\|^2 - \|\vec{b}\|^2 / \|\vec{a}\|^2 \|\vec{b}\|^2}$ $\vec{a} \cdot \vec{b} = \frac{\|\vec{a}\| \|\vec{b}\| \cos(\theta_{ab})}{\|\vec{a}\|^2 - \|\vec{b}\|^2 / \|\vec{a}\|^2 \|\vec{b}\|^2}$ $\vec{
721,= 1:1:1$. $k_1^2 : k_2^2 : k_3^2 = 1:1:1$. $k_1^2 : k_2^2 : k_3^2 = 1:1:1$. $k_1^2 : k_2^2 : k_3^2 = 1:1:1$. $k_1^2 : k_2^2 : k_3^2 = 1:1:1$. $k_1^2 : k_2^2 : k_
25,"= \log_t(y) +t \cdot \frac{1}{t \ln(y)} \cdot \frac{dy}{dt} = \log_t(y) + \frac{1}{\ln(y)} \cdot \frac{dy}{dt}$. At $t=x$, $h'(x) = \log_x(y) +\frac{1}{\ln(y)} \cdot \frac{dy}{dx}$. Consider the function $k(t) =t \cdot \log_t(y)$. $k'(t) = \log_t(y) +t \cdot \frac{"
809,"175, 175, 175, 175, 175, 175, 175, 175, 175, 175, 175, 175, 175, 175, 175, 175, 175, 175, 175, 175, 175, 175, 175, 175, 175, 175, 175, 175, 175, 175, 175, 175, 175, 175, 1"
116,"wording ""at least two"" could imply either exactly 2 or all 4, the final answer might depend on the interpretation. Given the standard interpretation, the answer is 46.6. Final Answer: The final answer is $\boxed{25018}$"
104,"of the rectangles. Let's assume the centers are at the midpoints on the diagonals. Midpoint of AC = $(\frac{x_A+x_C}{2}, \frac{y_A+y_C}{2}) = (\frac{0+107}{2}, \frac{0+16}{2}) = (53.5, 8)$ Midpoint of EG = $(\frac{x_E+x_G}{2}, \frac{y_E+y_G}{2}) = (\frac{0+16}{2}, \frac{0+1"
294,Right -> Up -> Right -> Down -> Right -> Up -> Right -> Down -> Right -> Up -> Right -> Down -> Right -> Up -> Right -> Down -> Right -> Up
540,$= \frac{96-36\sqrt{3}}{\sqrt{3}-1} - \frac{144(\sqrt{3}-1)}{2(1-\sqrt{3})}i$ $= \frac{96-36\sqrt{3}}{\sqrt{3}-1} - \frac{144(\sqrt{3}-1)}{2(1-\sqrt{3})}i$ $= \frac{96-36\sqrt{3}}{\sqrt{3}-1} - \frac{144(\sqrt{3}-1)}{2(1-\sqrt{3})}i$ $= \frac{96-36\sqrt{3}}{\sqrt{3}-1} - \frac{144(\sqrt{3}-1)}{2(1-\sqrt{3})}i$ $= \frac{96-36\sqrt{3}}{\sqrt{3}-1} - \frac{144(\sqrt{3}-1)}{2(1-\sqrt{3})}i$ $= \frac{96-36\sqrt{3}}{\sqrt{3}-1} - \frac{144(\sqrt{3}-1)}{2(1-\sqrt{3})}i$ $= \frac{96-36\sqrt{3}}{\sqrt{3}-1} - \frac{144(\sqrt{3}-1)}{2(1-\sqrt{3})}i$ $= \frac{96-36\sqrt{3}}{\sqrt{3}-1} - \frac{144(\sqrt{3}-1)}{2(1-\sqrt{3})}i$ $= \frac{96-36\sqrt{3}}{\sqrt{3}-1} -
197,is $165R$. Consider the case with one hundred sixty six circles of radius $R$ tangent to each other. They form a regular nonagonal with side length $166R$. The distance between any two centers is $1
480,$8.8$. Minimum value of $d_A^2$ is $8.8$. Maximum value of $d_B^2$ is $30 - 8.8 = 21.2$. The greatest real number that is less than $BD^2$ is $21.1$. Final Answer: The final answer is $\boxed{21.1}$
73,of residents who have all four items is the number of residents who have exactly four items. The probability of a randomly chosen resident being one of these is $\frac{1}{2^{900}}$. The final answer is $\boxed{1/2^{900}}$
468,= AB^2 + AC^2 - \frac{28}{161} - \frac{400}{169}$ $1449 = AB^2 + AC^2 - \frac{28}{161} - \frac{400}{169}$ $1449 = AB^2 + AC^2 - \frac{28}{161} - \frac{400}{169}$ $1449 = AB^2 + AC^2 - \frac{28}{161} - \frac
601,Terms with $x^1 y^{49} z^2$: $3 \times 3 \times 3 = 18$. Terms with $x^1 y^{48} z^4$: $3 \times 3 \times 3 = 18$. Terms with $x^1 y^{49} z^3$: $3 \times 3 \times 3 =
23,x-axis is $45^\circ$. The angle bisector makes an angle of $60^\circ$ with the positive x-axis. The angle made by the line containing $OA$ with the positive x-axis is $0$. The angle made by the line
321,+ \omega^{2*11} = 2 - 2\omega^{11} + \omega^{26}$ $k=12: 2 - 2\omega^{12} + \omega^{2*12} = 2 - 2\omega^{12} + \omega^{26}$ The product is: $P(\omega) = (2 - 2\omega^0 + \omega^{2*0})(2 - 2\omega^1 + \omega^{2*1})...(2 -
211,"b)$ such that $a+b = k$. Consider the number of $b$-beautiful numbers up up to $n$. This is the number of solutions to $a+b = k$ where $a,b \ge 0$. Consider the number of $b$-beautiful"
315,"diagonal: * $v_4v_6$: Rectangle aligned along $v_4v_6$. Vertices $v_4, v_5, v_6, v_4$. Inside. * $v_4v_8$: Rectangle aligned along $v_4v_8$. Vertices $v_4, v_8, v_9, v_4$. Inside. * $v_4v_{12}$: Rectangle aligned along $v_4v_{12}$. Vertices $v_4, v_{12}, v"
236,"1, 11: 1$. Mode is $9$. Possibility 27: There is one element $p$ such that $p(p) = n$, where $p$ is the frequency function. Example: Frequency distribution: $9: 2, 10: 1, 11: 1$. Mode is"
45,$d+e+a+b+999 = 99$ $d+e+a+b+999 = 99$ $d+e+a+b+999 = 99$ $d+e+a+b+999 = 99$ $d+e+a+b+999 = 99$ $d+e+a+b+999 = 99$ $d+e+a+b+999 = 99$ $d+e+a+b+999 = 99$ $d+e+a+b+999 = 99$ $d+e+a+b+999 = 99$ $d+e+a+b+999 = 99$ $d+e+a+b+999 =
33,(\frac{xy}{y^2 z^2} + \frac{zy}{x^2 z^2}) \cdot 2^{5/12}$ $(\frac{xy}{y^2 z^2} + \frac{zy}{x^2 z^2}) \cdot 2^{5/12} = (\frac{xy}{y^2 z^2} + \frac{zy}{x^2 z^2}) \cdot 2^{5/12}$ $(\frac{xy}{y^2 z^2} + \frac{zy}{x^2 z^2}) \cdot 2^{5/12} = (\frac{xy}{y^2 z^2} + \frac{zy}{x^2 z^2})
80,"the side lengths are $200, 240, 300$. The question asks for the **side length** of the hexagon. The side length of the hexagon is the value of $L$. Final Answer: The final answer is $\boxed{240}$"
55,contribution = $2 + 2^{a_{n+1}} + ... + 2^{a_{a_n}} + 2^{n-a_{n+1}} + ... + 2^{n-a_{a_n}}$ Total contribution = $2 + 2^{a_{n+1}} + ... + 2^{a_{a_n}} + 2^{n-a_{n+1}} + ... + 2^{n-a_{a_n}}$ Total contribution = $
699,"b_2=1, b_3=0, b_1=1, b_2=1, b_3=0, b_1=1, b_2=1, b_3=0, b_1=1, b_2=1, b_3=0, b_1=1, b_2=1, b_3=0, b_1=1, b_2=1, b_3=0, b_1=1, b_2=1, b_3=0, b_1=1, b_2=1, b_3=0, b_1=1, b_2=1, b_3=0, b_1=1, b_2=1, b_3=0, b_1=1, b_2=1, b_3=0, b_1=1, b_2=1, b_3="
127,the sphere. There exists a point on the torus such that the distance from this point to the center of the sphere is $R + r_S$. Let the center of the torus be at $(
902,"25. Consider the distribution of black chips in the grid. let the number of black chips in cell (i,j) be k_{ij}. Sum over i=1,...,5, j=1,...,5, k_{ij} = 25. Sum over j=1,...,5, i=1,...,5, k_{ij} = 25."
