answer,model_answer_extracted
"\left( 3, \frac{\pi}{2} \right)","(3, \frac{\pi}{2})"
p - q,The double sum cannot be simplified into a direct expression in terms of $p$ and $q$ using elementary methods. </answer>
\frac{14}{3},\frac{14}{3}
9,9
\text{Evelyn},"speed for each student, compare the speeds to determine which student has the greatest average speed. </reasoning> Angela <answer>Angela </answer>"
42,42
27,27
90^\circ,"0$ Since the cosine of the angle is 0, the angle between the two lines is $90$ degrees. </reasoning> 90"
3\sqrt{13},3√13
4,a total of 1 + 4 + 6 = 11 different values that can be obtained by inserting parentheses. <answer>11</answer>
2220,positive integer multiple of 30 that can be written with only the digits 0 and 2 is 2220. </reasoning> 2220
\frac{3}{56},= a(7)(9)(\frac{15}{2})(\frac{23}{3})(\frac{31}{4})\] \[p(8) = a(7)(9)(\frac{15}{2})(\frac{23}{3})(\frac{31}{4})\] \[p(8) = a(7)(9)(\frac{15}{2})(\frac{23}{3})(\frac{31}{4})\] \[p(8) = a(7)(9)(\frac{15}{2})(\frac{23}{3})(\frac{31}{4})\] \[p(8) = a(7)(9)(\frac{15}{2})(\frac{23}{3})(\frac{31}{4})\] \[p(8) = a(7)(9)(\frac{15}{2})(\frac{23}{3})(\frac{31}{4})\] \[p(8) = a(7)(9)(\frac{15}{2})(
284,the sum of the proper divisors of the sum of the proper divisors of 284 is 284. <reasoning> 284 </reasoning>
5,5
\sqrt{51},"the given values: DE = 0.7 * 7 Now, we can calculate the value of DE. </reasoning> DE = 4.9"
6 - 5i,$w = c + z \cdot e^{i \frac{\pi}{4}}$
-50,all pairs is 50 * -1. The final answer will be this sum. </reasoning> 50 * -1 = -50 <answer>-50</answer>
\pi,$\pi$
28,0
3,"real, we need $\Delta \geq 0$. We can now find the smallest value of $a$ that satisfies this inequality. <answer>2</answer>"
6+9i,(6+12i)-3i = 6+9i
13535,343
5,5
x=5,5
10,4.94
"1,-2","1, -4"
144,144
78,78
-2 + 7i,2 + 7i
225,1
52_8,52_8
11\sqrt2,$\sqrt{242} = \frac{11 * 2\sqrt{2}}{2} = 11\sqrt{2}$. This is the simplest form of the square root of 242. </reasoning> $11\sqrt{2}$
720,final answer is the product of 5! and 3!. </reasoning> 5! * 3! = 120 * 6 = 720 <answer>720</answer>
\frac{243}{625},\frac{27}{625}
-125,0$$ Solving this equation gives us the value of $k$ for which the term is a constant. <answer>k = 3</answer>
3,3
"3, 5, 7",x = 5
72,72
2000,2000
23,11
12,calculate the length of each side of the octagon. </reasoning> Length of each side of the octagon = 12 cm
17,we can find the value of $x + y$: $x + y = 8 + 9 = 17$ </reasoning> 17
4,4
70 \sqrt{2},"20√41 is approximately 128, the inequality holds true. Therefore, the minimum value of the original expression is indeed 70. <answer>70</answer>"
1.25,1.25
2,2
6,8
5,"$y=0$. So, $c=0$. Now, we can find $a+b+c$ by adding the values of $a$, $b$, and $c$ together. </reasoning> <a+b+c>7+(-2)+0=5</a>"
\frac{3}{2},3/2
83,83
203,221
x^5 - x^4 + x^3 - x^2 + x - 1,x^3 - x^2 + x - 1$. <answer> x^5 - x^4 + x^3 - x^2 + x - 1 </answer>
12,1
-\frac{\pi}{6},-\frac{\pi}{6}
0.15,0.15
3,3
11,the equation $N^2 = 121$ and solve for $N$. </reasoning> $N = 11$ (since 11 * 11 = 121) <answer>11</answer>
16,"value of that number, so the final answer is: \[\boxed{16}\] Ringo should have found the answer to be 16. </answer>"
9901,9800
5,"= 55 - 50 B = 5 So, 5 students participate in both MATHCOUNTS and the science club. </reasoning> 5"
"(6,31,-1)","(-2, 3, 0)"
-256,-2048
4,4
10,"+ 0 = 0.\] Therefore, the sum of the values of the irreducible polynomials evaluated at $x=1$ is $0$. <answer>0</answer>"
\frac{35}{64},17.5
1,1
x^3+3x-6,x^3 + 3x - 6
10,10
46,134
-1,"the sum of their squares and reciprocals will also be symmetric and real, leading to the same conclusion. </reasoning> -1"
40_9,40_9
2516_8,1426
3,3/4
\frac{3\sqrt{3}}{4},\frac{3\sqrt{3}}{4}
\cot x,(cos^2(x) + cos(x) - 1)/sin(x)cos(x)
\frac{11}{36},1/12
0,0
4,4
"(-2,1)","Therefore, there is no ordered pair $(a, b)$ that fulfills the given condition. <answer> No such ordered pair exists. </answer>"
2,2
501,1
3,3
\frac{3}{2},1/3
2,Graphical or numerical method required; no exact algebraic solution available.
-1,"$a$ gives us $a = -3$. Finally, we have $a + b = -3 + 2 = -1$. </reasoning> -1"
\sqrt{5},\sqrt{5}
240,240
1,"two valid solutions to find the largest one. Clearly, $x = 1$ is larger than $x = -\frac{1}{3}$. </reasoning> $1$"
2,$\sqrt{3}$
21,3
\frac{3}{2},15
1,1
\frac{448}{15625},(7 choose 4) * (1/5)^4 * (4/5)^3
33,33
80,100
-4,-4
1 \pm \sqrt{19},"we will get the real roots of the equation. <answer> x = -1, 3, -3, 5, -5, 7, -7 </answer>"
\text{east},E
2k+2,2k + 2
\begin{pmatrix} -1/3 \\ 2/3 \\ 5/3 \end{pmatrix},\begin{pmatrix} -\frac{1}{3} \\ \frac{2}{3} \\ \frac{7}{3} \end{pmatrix}
145^\circ,260
850,help us simplify the given expression. The expression cannot be simplified further without additional information about the roots themselves. <answer>0</answer>
(a+5)(b+2),"terms, so we can factor it out, resulting in $(a + 5)(b + 2)$. </reasoning> $(a + 5)(b + 2)$"
"(3,4]","there exists an $x \in [0,1]$ such that $f(x) \neq x$ but $f(f(x)) = x$ is $\lambda = 2$. <answer>2</answer>"
40,4√6
29,29
\frac43,y = 4/3
9,9
2,2
120^\circ,40
504,The problem does not provide enough information to determine the value of $a_1$.
210,for boys and girls: 35 (ways to choose boys) * 6 (ways to choose girls) = 210 ways. </reasoning> 210
13,"the desired form, we have $A=2$, $B=2$, $C=3$, and $D=6$. 9. Finally, we calculate $A+B+C+D$: $2+2+3+6 = 13$ </reasoning> $13$"
8000,8000
-5,-5
1260,arrangements. </reasoning> 7! / (2! * 2!) = 5040 / (2 * 2) = 5040 / 4 = 1260 <answer>1260</answer>
2,2
3,3
81,64
-9,4
\text{even},"an odd function results in an even function. So, $f(f(g(f(g(f(x))))))$ is even. Therefore, the composition $f(f(g(f(g(f(x))))))$ is even. </reasoning> Even"
6,6
9,C2 * 2500 Now we can solve for C2. </reasoning> C2 = (15 * 1500) / 2500 <answer> 9 </answer>
8,the area of quadrilateral $DBEF$: $Area_{DBEF} = Area_{ABCD} - Area_{ADE} = 48 - 15 = 33$ square units. </reasoning> 33
\frac{11}{2},"$\frac{11}{2}$ is the largest possible value of $x$. Therefore, the largest possible value of $x$ is $\frac{11}{2}$. </reasoning> <answer> $\frac{11}{2}$"
-3,-3
1+274i,"that it does not change after the first iteration. Therefore, $z_{2002} = 137 + 4003i$. <answer> 137 + 4003i </answer>"
4210_{5},4443_5
36,36
\frac{3840}{289},\times 8 \times \frac{120}{17} $$ $$ A_{ACD} = 4 \times \frac{120}{17} $$ $$ A_{ACD} = \frac{480}{17} $$ <answer> \frac{480}{17} </answer>
13,3
8,-648a + 8
4,4
120,120
16,16
9,9
64,"possible value for $n$ is 8, and the sum of all possible values of $n$ is just 8. </reasoning> 8"
204_5,203_5
\frac{1}{3},0.2
1,1
13,13
2,2
28800,2! * 5! * 5! * 1 = 2 * 120 * 120 * 1 = 28800
3 \sqrt{5},magnitude of the cross product: $$ \frac{1}{2} \sqrt{180} = \frac{\sqrt{180}}{2} = \frac{\sqrt{36 * 5}}{2} = \frac{6\sqrt{5}}{2} = 3\sqrt{5} $$ <answer>3\sqrt{5}</answer>
"(15,-29)","(15, -29)"
-2,the desired sum. Let's start with the first step and find the roots of the quadratic equation. <answer> A </answer>
\frac{\sqrt{3}}{3},$$\frac{\sqrt{3}}{3}$$
16,"y = z = \sqrt[4]{2}\) since \(xyz = 2\). Therefore, the minimum value of the expression is 5. </reasoning> 5"
11,x = 11
49,"divided by 2, 3, 4, and 6, and is less than 75. Therefore, Rosa is 49 years old. </reasoning> 49"
1,3
144,"the triangle is zero, the square of the determinant (which is proportional to the area) is also zero. </reasoning> 0"
8,16/9
\frac{2}{21},3 collinear points) / (Total number of ways to choose 3 points) Probability = 11 / 84 <answer> 11/84 </answer>
2\sqrt{113},"Since √170 can be simplified to √(17*10), and 17 is a prime number, the simplest radical form is √170. <answer>√170</answer>"
\frac{1}{4},\frac{1}{4}
30^\circ,45
\frac65,\frac{6}{5}
2107,1244
3.21,3.21
18,18
6,6
\dfrac{17}{50},"the criteria divided by the total count of integers in the set. So, the probability is 34/100. <answer> \frac{17}{50} </answer>"
-\frac{35}{9},1/6
-\sqrt{3},The expression is already in its simplest form.
\frac{4}{9},"divisor, which is 2: Simplified fraction = (8 ÷ 2) / (18 ÷ 2) = 4 / 9 </answer> 4/9"
\frac{270}7\text{ degrees},"two fractions, we get $\frac{630^\circ}{7} + \frac{360^\circ}{7} = \frac{990^\circ}{7}$. Therefore, the degree measure of angle $BAC$ is $\frac{990^\circ}{7}$. </reasoning> \frac{990}{7}"
65,"this by multiplying 30 by 6.5 first, then dividing by 3. </reasoning> $V = \frac{1}{3} \times 195 = 65$ <answer>65</answer>"
19,for any integer value of $n$ in a $3\times n$ grid. Please double-check the problem statement or provide additional information.
12,12
1736,"A
B
C
D"
\frac{13}{15},Now we can add the fractions: $\frac{3}{15} + \frac{10}{15} = \frac{3 + 10}{15} = \frac{13}{15}$ </reasoning> $\frac{13}{15}$ <answer> $\frac{13}{15}$ </answer>
350,350
4,4
2,2
3,1
.0000672,0.0000168
30^\circ,60
60,90
5x - 7y + 11z + 4 = 0,$5x - 4y - 11z - 15 = 0$ <answer> 5x - 4y - 11z - 15 = 0 </answer>
3,1
\frac{\sqrt{3}}{3},\sqrt{\sqrt[3]{3}}\
1251,2505
23,23
"(2,\infty)","[6, ∞)"
1,1
7,= 1 \). This leaves us with 7 pairs where \( n \) is greater than 1. <answer> 7 </answer>
7,7
6,0
160,"= $173.28$ m (approximately) Therefore, the greatest length of rope that can be saved is approximately 173.28 m. </reasoning> 173.28"
\frac{13}{18},17/36
0,0
30,\cdot 256}{2}$ $QM^2 = \frac{2312 - 512}{2}$ $QM^2 = \frac{1800}{2}$ $QM^2 = 900$ $QM = \sqrt{900}$ $QM = 30$ <answer>30</answer>
4,4
\frac{1}{4},0
24,-48
1600,1960
6,6
"10,\!080",total number of arrangements is the product of these two factorials. </reasoning> 7 * 2 = 14 <answer> 14 </answer>
17,17
40,"= 280 / 7 daps 280 / 7 daps = 40 daps Therefore, 40 daps equal 42 baps. </reasoning> 40"
66,87
\frac{2}{3},1/2
12,12
0,1/4
\begin{pmatrix} -2 \\ -14 \\ -7 \end{pmatrix},-10 \\ -10 \end{pmatrix} = \begin{pmatrix} 2 \\ -6 \\ -13 \end{pmatrix}.\] </reasoning> \(\begin{pmatrix} 2 \\ -6 \\ -13 \end{pmatrix}\)
"\left( \frac{3}{2}, -13 \right)","y = (3/2)x - 13 So, the ordered pair (m, b) is (3/2, -13). </reasoning> (m, b) = (3/2, -13)"
28,28
1,1
16,8+7=15
10,12
5,to the previous result: $-120 + 125 = 5$ So the final result of the expression is 5. </reasoning> 5
56,56
2,1
110,"555 / 3 P = 185 So, the number of students taking physics is 185. </reasoning> 185 <answer> 185 </answer>"
2,only need to calculate it for one of the roots. Let's choose $x_1$ for simplicity. <answer>$(x_1)^3 - 2(x_1) + 1$</answer>
6,6
"11,\! 111,\! 111,\! 100","until we find a number that meets the criteria. After trying several combinations, we find that 111 * 405 ="
"(-1,6)","(-1,6)"
\frac{1}{2},"Therefore, the probability is the number of shaded squares (7) divided by the total number of squares (16). </reasoning> 7/16"
\frac{16}{27},Remaining Milk = 2 gallons * $\left(\frac{2}{3}\right)^3$ Remaining Milk = 2 gallons * $\frac{8}{27}$ Remaining Milk = $\frac{16}{27}$ gallons <answer>16/27</answer>
900,75
54,"is: $$A_{CDE} = 6 \cdot 25 = 150$$ Therefore, the area of $\triangle CDE$ is 150 square centimeters. </reasoning> 150"
14,"4321 / (2 * $10^7$) = 2160.5 / $10^7$ = 0.00021605

The sum of the digits: 2 + 1 + 6 + 0 + 2 + 6 + 0 + 5 = 22"
\frac{9}{256},"related through the triple angle identity, we can simplify the expression to a single value. </reasoning> $1/8$ <answer> 1/8 </answer>"
11,11
3,3
\text{(C)},this set of points forms a plane parallel to the $xy$-plane at a height of $c$ units. </reasoning> (C) Plane
288 \pi,6
90,total number of different combinations of meals they can order is 10 * 9. </reasoning> 10 * 9 = 90
\frac{16}{5},4
10,"like terms: 13C = 130 Divide by 13: C = 10 So, Chris is 10 years old now. </reasoning> 10"
\frac{1997}{2},"as the numerator and denominator cancel each other out. Therefore, the final answer is $999 \cdot 2$. <answer> 1998 </answer>"
30^\circ,30
34,"roots of $f(x)$ and $g(x)$ are the same, the sum of the roots of $g(x)$ is also 49. </reasoning> 49"
\frac 59,$\frac{5}{9}$
12,3 + \tan^2 10^\circ + \cot^2 20^\circ + \cot^2 40^\circ
22,36
-4,"-5, -4, 1"
16,$a=1$ and $b=19$. Now we can find the smallest possible value of $a+b+c+d$: $a+b+c+d = 1+19+1+2 = 23$ </reasoning> 23
116,64
17,24
"\$32,\!348",A = 24000(1 + 0.01/6)^(6*5)
3,3
8,"a polygon must be a whole number, we round $n$ to the nearest whole number, which is 9. </answer> 9"
-13x+3,= -10$ The remainder when $f(x)$ is divided by $x^2 - 1$ is $-10x + 6$. </reasoning> -10x + 6
8,1
\frac{10}{11},\frac{10}{11}
\begin{pmatrix} -1 & 0 \\ 0 & -1 \end{pmatrix},A computational tool or further steps are required to compute the powers and sum them.
17,11
13,"-12, 12, -1"
540,for Car 2 × Choices for Car 3 </reasoning> Total ways = 3 × 3 × 3 = 27 <answer>27</answer>
81,-19
\frac{1}{8},is 3. </reasoning> 3/24 simplifies to 1/8 when both the numerator and denominator are divided by 3. <answer> 1/8 </answer>
28,28
\text{(E)},E
\frac{8}{21},$\frac{8}{21}$
864 \mbox{ inches}^2,$6$ square inches
16,16
22,22
120^\circ,the inverse cosine and converting from radians to degrees: $\angle ABC = \arccos\left(\frac{27}{54}\right) \times \frac{180}{\pi}$ <answer> \arccos\left(\frac{1}{2}\right) \times \frac{180}{\pi} </answer>
76^\circ,90
4,4
15,15
1\frac{4}{5},"answer, we can use 83 as an approximation. Therefore, the mixed number for $BH$ is approximately $5 \frac{83}{100}$. <answer>5 \frac{83}{100}</answer>"
4005,4005
\dfrac{33}{100},33/100
180^\circ,180
1,1
6,6
10,10
333,333
1030,"b$, we simply add the numerator and the denominator: $a + b = 11 + 81 = 92$ </reasoning> 92"
1250,800
18+2\pi,18 + 18π units
7,7
11,21
\sqrt{53},it has no perfect square factors. This means that $\sqrt{53}$ is already in its simplest radical form. </reasoning> <answer> $\sqrt{53}$
255,+ 64 + 32 + 16 + 8 + 4 + 2 + 1 = 255 (base 10) </answer> 255
7\pi,"is that the largest area minus the smallest area gives us the positive difference, which is $3\pi$. </reasoning> <answer> 3\pi"
8,8
36^\circ,"angles of the pentagon, which are opposite each other. Therefore, angle $A$ is $72^\circ + 72^\circ = 144^\circ$. </reasoning> 144"
129,a_9
1,1
3 \pm 2 \sqrt{2},No solutions
440,two possible values for $c$: 27 and 24. The sum of these values is $27 + 24 = 51$. <answer>51</answer>
\frac{17}{21},0
36,54000
7,= \frac{\sqrt{2} \cdot \sqrt{69}}{2 \cdot \sqrt{89}} = \frac{\sqrt{69}}{2 \cdot \sqrt{89}} \] \end{reasoning} \[\frac{\sqrt{69}}{2 \cdot \sqrt{89}}\] <answer> \frac{\sqrt{69}}{2 \cdot \sqrt{89}} </answer>
16,16
4,4
63,"points in the interior area, we get 9 x 7 - 32 = 63 - 32 = 31. </reasoning> 31"
898,255
"\left(\frac{3}{5},\frac{8}{3}\right]","((3/5, 8/3]"
58,74
11,4
\text{(B)},C
103,103
\begin{pmatrix} -18 \\ -49 \\ 96 \end{pmatrix},$\begin{pmatrix} 6 \\ -77 \\ 108 \end{pmatrix}$
63,number of integer x-coordinates by the number of integer y-coordinates: 9 (integer x-coordinates) * 7 (integer y-coordinates) = 63 <answer>63</answer>
12,7
5.4 \text{ cents},12.0
5,1
28,"of $\triangle ACD$ would be half of that. Now, we can calculate the area of $\triangle ACD$. <answer> 21 </answer>"
9,9
\frac9{19},x = 3/4
6,"2 equations for each of $a = 2$ and $a = -2$, resulting in 5 quadratic equations in total. <answer>5</answer>"
"(-\infty, 0]","(-\infty, 0)"
1+2\sqrt{3},"Combining terms, we get: \[ A_{\text{total}} = \frac{\sqrt{3}}{4} + 3\sqrt{3} = \frac{\sqrt{3}}{4} + \frac{12\sqrt{3}}{4} = \frac{13\sqrt{3}}{4} \] <answer> \frac{13\sqrt{3}}{4} </answer>"
14,14
49,$\frac{1}{9}$
3,3
"(5,\infty)","(5, \infty)"
12\pi,36π/3
"(2,4)","$x$-coordinate remains the same, so the reflected point is $(2,0)$. The resulting point after both reflections is $(2,0)$. </reasoning> $(2,0)$"
41,No solution
12,"- 8(5) = -6 - 40 = -46$, which does not equal -1 either. The correct pair is actually (-"
0,2
\frac{11+9a}{20},\frac{11+9a}{20}\
-128,-128
-\frac{24}{25},-\frac{7}{25}
10,10
-1,-1
\frac{1}{3},1/2
120,270
4,4
\frac{9}{100},"0.3192935048900764\) Now, multiply these two results together: \(0.8046677310093619 \cdot 0.3192935048900764 = 0.2569868485087879\) Therefore, the final answer is approximately 0.256987. <answer>0.256987</answer>"
15,$P(x)$. Let's solve the system of equations to find the coefficients and then find $P(5)$. <answer> P(5) = 165 </answer>
3,Infinitely many distinct values
4,4
1940,Number of subcommittees with at least one member from each party: 2002 - 56 - 6 = 1940 </reasoning> 1940
\frac{13}{6},\frac{53 + 12\sqrt{5}}{4}
2,4
3,3
-120,-120
3,3
26000,102020
6,"The three consecutive integers are therefore 4, 5, and 6. The largest of these integers is 6. </reasoning> 6 </answer>"
4343_6,4334
2k,2k
55^\circ,between $\mathbf{a}$ and $-\mathbf{b}$ is $180^\circ - 29^\circ$ since the vectors are in opposite directions. </reasoning> 151 <answer> 151 </answer>
-2,1
2,2
"58,500",26 * 25 * 10 * 9
5,5
1,1
66,x = 20
6r^2-4r-24,terms. The simplified expression in the desired form is $6r^2 + 44r - 24$. </reasoning> $6r^2 + 44r - 24$
4495,perform the multiplication and division: $$\binom{31}{28} = \frac{31 \times 30 \times 29}{6}$$ $$\binom{31}{28} = \frac{26970}{6}$$ $$\binom{31}{28} = 4495$$ </reasoning> 4495
10080,* 2) = 720 / 8 = 90 90 / 3! = 90 / 6 = 15 <answer> 15 </answer>
4,6
\frac{1}{16},"by step. After applying these identities and simplifying the terms, we find that the expression simplifies to zero. </reasoning> 0"
11 \sqrt{5} + 11,3\sqrt{122}
480,480
81,81
100,<answer>Not applicable (The AM-GM inequality approach does not yield a minimum value for the given expression with the constraints provided).
"(-\sqrt{3}, \sqrt{3})","(0, sqrt(3))"
4,2
\text{ellipse},Ellipse
6,"positive (as it is a sum of positive terms). Therefore, the correct value for $S$ is $\sqrt{3}$. </reasoning> $\sqrt{3}$ <answer>3</answer>"
\frac{7}{4},-28
16 \sqrt{3},"Finally, we simplify $4√3$ to find the side length of the equilateral triangle. </reasoning> $s = 4√3$ <answer> 4√3 </answer>"
\frac14,1/4
2,2
"(1,-16,-4,43)","(1, -16, -4, 39)"
8,4
4,4
1,1
31,+ Side2 + Side3 Perimeter = 8 units + 8 units + 15 units Perimeter = 31 units </reasoning> 31
21,21
-41,and adding them up. </reasoning> $(-2)(3) + (0)(4) + (7)(-5) = -6 + 0 - 35 = -41$ </answer> -41
17,3
90^\circ,55
1+2i,1+2i
4,4
25,25
"(8,-2)","(8,-2)"
6,"units digits has stabilized at 6, we can conclude that the units digit of $4\$$ will also be 6. <answer>6</answer>"
3,"17, 53, and 71. The final answer is the count of two-digit primes whose digits sum to 8. </reasoning> 3"
12,C
"(0,9) \cup (9,36)","(-9, 0) U (9, 36)"
\frac{1}{2},1
\frac{20000}{\pi},the rectangle: A = L * W A = 100 * (100/π) A = 10000 / π <answer> 3141.59 </answer>
"x \in [-2,7]","includes the endpoints where the expression equals zero, the solution in interval notation is $[-2, 7]$. </reasoning> $$[-2, 7]$$ </answer>"
15x - 80,15x - 80
22,of euros: 114 euros - 91 pounds = 23 euros Kathy will have 23 more euros than pounds. </reasoning> 23
11,11
18,f(-2) = 5(-2)^2 + 3(-2) + 4 = 20 - 6 + 4 = 18
\frac{11}{2},5.5
\frac{\sqrt{21}}{5},\frac{\sqrt{21}}{5}\
12,we find \( a + b \): \( a + b = 6 + 2 = 8 \) </answer> 8
0,"$f^{-1}(6) = a$. Finally, we sum the values: $f^{-1}(0) + f^{-1}(6) = 3 + a$. <answer> 3 + a </answer>"
\sqrt{66},Cannot be determined without the value of C.
\frac 34,3/4
-\frac{3}{8},-\frac{3}{4}
4,4
2,"are both 2 inches. So, the area of the gray piece is $\frac{1}{2} \times 2 \times 2$. <answer> 4 </answer>"
23,23
\text{Navin},Ian
326.5,326.5
\frac{14}{3},\( \sqrt{2} \) as a common fraction. The common fraction that is closest to \( \sqrt{2} \) is \( \frac{141
\frac{13}{4},3
1 - 12i,1 - 12i
3,2
3,3
60,"/ 1 = 60 Therefore, there are 60 different ways to assign 3 people to 5 different offices. </answer> 60"
0,0
9,9
\begin{pmatrix} 1/5 \\ -18/5 \end{pmatrix},"-2, 3"
2 \sqrt{5},"The distance between the foci is 2c, so we multiply c by 2: \[ 2c = 2\sqrt{5} \] </reasoning> 2√5"
6,6
60,60
406,No solution
5r^5,5r^5
10,No real solutions
9,8
\frac{1}{8},"After some calculations, we find that $\sin^3 18^\circ + \sin^2 18^\circ$ simplifies to $\frac{1}{8}(3 - \sqrt{5})$. </reasoning> $\frac{1}{8}(3 - \sqrt{5})$"
-2,+ 0 - 0 + 15\] \[f(0) = 15\] The sum of the coefficients of $g(x)$ is 15. </reasoning> 15
2\sqrt{5},2√5
\begin{pmatrix} -7 \\ 16 \\ 5 \end{pmatrix},"$\frac{1}{\sqrt{30}} \begin{pmatrix} 90 \\ 30 \\ 30 \end{pmatrix}$

(Note: The actual vector with the smallest magnitude is $\frac{1}{\sqrt{30}} \begin{pmatrix} 90 \\ 30 \\ 30 \end{pmatrix}$, which is the given cross product vector divided by the magnitude of the original vector $\mathbf{a}$, resulting in a unit vector in the direction of $\mathbf{a}$. Since $\mathbf{v}$ is parallel to $\mathbf{a}$, it is the vector with the smallest magnitude that satisfies the given cross product equation.)"
\begin{pmatrix} 16/49 \\ 48/49 \\ 24/49 \end{pmatrix},$\begin{pmatrix} \frac{16}{49} \\ \frac{48}{49} \\ \frac{24}{49} \end{pmatrix}$
27,Not enough information provided to derive the correct cubic polynomial and find the coefficients.
"\{1\pm\sqrt{5},-2\}","Since all these sums are equal to zero, the unordered set is \(\{0, 0, 0\}\). <answer> {0, 0, 0} </answer>"
1440,1885
600,\cdot \sqrt{x} = 30\sqrt{6}$ $\sqrt{x} = \frac{30\sqrt{6}}{3} = 10\sqrt{6}$ $x = (10\sqrt{6})^2 = 100 \cdot 6 = 600$ </answer> 600
3R^2,\] \[ = \frac{R^2(20ab - a^2 - b^2 + c^2)}{3ab} \] <answer> \frac{R^2(20ab - a^2 - b^2 + c^2)}{3ab} </answer>
6\sqrt{2},6\sqrt{2}
29,29
64,1
50,50
4.5,4.5
"\left[ \frac{\pi^2}{8}, \frac{5 \pi^2}{4} \right]",\frac{\pi^2}{4}\
331,f(1) to f(1985) by multiplying S by 2: Final sum = 2S = 2 * 0 = 0 </reasoning> 0
.35625,0.35625
32,8
"(-\infty, 2) \cup (3, \infty)","(2, 3) ∪ (3, ∞)"
4,= \binom{n}{2} \left(\frac{5}{6}\right)^2 \left(\frac{1}{6}\right)^{n-2} \] We need to find the value of \( n \) that satisfies this equation. <answer>5</answer>
3,3
4,4
x^8 + x^7 + x^6 + x^5 + x^4 + x^3 + x^2 + x + 1,(x + 1)(x^2 - x + 1)(x^6 + 1)
14,14
550,"4,000"
256,256
45,45
\frac{1}{2},+ 1)}{2}) \cdot AD^2}{k \cdot AD^2} = 1 - \frac{\pi (k^2 + 1)}{2k}$. </reasoning> 1 - \frac{\pi (k^2 + 1)}{2k}
15,"The area of the rectangle is given by length × width, which is 4 × 2 = 8. </reasoning> 8"
8,8
9,9
44,1
47,45
64,"\frac{228}{2} = 114.$$ Therefore, the average of the two smallest positive integer solutions to the congruence is 114. </reasoning> 114"
\frac{639}{40},663/40
143,is 58. The sum of the original number and the reversed number is: 85 + 58 = 143 </reasoning> 143
10,8
y = 2x + 3,"will get the new equation of the line in the form $y = mx + b$. <answer> A, B </answer>"
6,6
"-2,1",1
0,0
41,"left that meets both conditions is 37. Therefore, 37 students showed up to the archery class this week. </reasoning> 37"
\$18.90,* 27 Cost = 0.10 * 54 + 0.05 * 27 Cost = 5.40 + 1.35 Cost = 6.75 <answer>6.75</answer>
75^\circ,40
12,we sum the results of the three evaluations: $f\left(\frac{\pi}{3}\right) + f(\sqrt{45}) + f(8^{2/3}) = 2 + 6 + 4$. <answer>12</answer>
59,10372
2,2
9,Factor the quadratic equation or use the quadratic formula to find the value(s) of $x$. <answer> x = 9 </answer>
121,"The fifth number in this sequence is 169, which is the square of the fifth prime number (13). </reasoning> 169"
8 \pi,0
15\mbox{ cm}^2,45 cm²
8,8
25,9
27648,625/16
84,84
137 \frac{1}{2},137$\frac{1}{2}$ miles
7,9
3,3
29,this fraction: $$ m + n = 47 + 192 $$ $$ m + n = 239 $$ </reasoning> 239
200,Difference = 700 feet - 500 feet Difference = 200 feet Jim walks 200 feet less than Martha. </reasoning> 200
2,1
\frac{2}{1005},0
2,2
1,1
8n^2 + 4n + 1,2^(2n)
202,"the sum of the numerator and denominator of the simplified fraction, which is 63 + 500 = 563. </reasoning> 563"
\frac{8}{15},\frac{2(a^2 - b^2 + 2bc - c^2)}{bc\sqrt{1 - \left(\frac{2(a^2 - b^2 + 2bc - c^2)}{bc}\right)^2}}\
10,4
13,"that the shortest distance is the same for paths 2, 4, 5, and 6, which is 14 units. </reasoning> 14"
216,216
2,"54 modulo 4, which is the remainder when 54 is divided by 4. </reasoning> 54 mod 4 = 2 </answer>"
\$36,36
15,30
14,11
64,64
y = -2x,-2x\] So the equation of the line is $y = -2x$. </reasoning> y = -2x <answer> y = -2x </answer>
20,20
\frac{1}{4},is non-zero and symmetric about the line $a = b$. </reasoning> <answer> Cannot be determined precisely with the given information.
"(2,12) \cup (12,102)","(2, 102)"
\frac{5}{13},$\dfrac{65}{169}$
\frac{7}{2},3
-1,"(a_1)^9\] Since we don't have a specific value for \(a_1\), the final expression for \((a_9)^9\) is simply \((a_1)^9\). </reasoning> \((a_1)^9\)"
106^\circ,74
